date,quintile,return
1987-07-31,Q1,-0.0052326998395170864
1987-07-31,Q2,-0.01321166410472759
1987-07-31,Q3,-0.00802347436392906
1987-07-31,Q4,-0.005311395663514031
1987-07-31,Q5,0.0316557959045506
1987-08-31,Q1,-0.02673429088888886
1987-08-31,Q2,-0.023937978233590708
1987-08-31,Q3,0.028416990269841295
1987-08-31,Q4,0.017964567181467196
1987-08-31,Q5,0.004211066190476219
1987-09-30,Q1,-0.01170575648099465
1987-09-30,Q2,0.010924474952825803
1987-09-30,Q3,-0.021338618684434797
1987-09-30,Q4,0.012304511365156433
1987-09-30,Q5,0.009839624329928427
1987-10-31,Q1,0.010122702728735632
1987-10-31,Q2,-0.009314813492769478
1987-10-31,Q3,-0.018682850565702448
1987-10-31,Q4,0.00621357823907906
1987-10-31,Q5,0.01136004679121038
1987-11-30,Q1,0.03140896021048047
1987-11-30,Q2,0.01646194371367758
1987-11-30,Q3,-0.014176979271598009
1987-11-30,Q4,-0.014438085326412746
1987-11-30,Q5,-0.019472859341939156
1987-12-31,Q1,-0.011681356290779056
1987-12-31,Q2,-0.01641903584622243
1987-12-31,Q3,0.0004515194223405934
1987-12-31,Q4,0.004046629550436323
1987-12-31,Q5,0.02380364585889337
1988-01-31,Q1,0.09409536940674677
1988-01-31,Q2,-0.03349014100469793
1988-01-31,Q3,-5.732330666140844e-05
1988-01-31,Q4,-0.02847250664587651
1988-01-31,Q5,-0.03307479599226197
1988-02-29,Q1,-0.02276147732685228
1988-02-29,Q2,0.007569509437877893
1988-02-29,Q3,0.005063440059110227
1988-02-29,Q4,0.025617097106857244
1988-02-29,Q5,-0.015408197212562563
1988-03-31,Q1,-0.009982095307832336
1988-03-31,Q2,0.019023380267172985
1988-03-31,Q3,-0.010553931788354174
1988-03-31,Q4,0.03248710460852699
1988-03-31,Q5,-0.030372155528228834
1988-04-30,Q1,0.0003109079068873744
1988-04-30,Q2,-0.007740777068298014
1988-04-30,Q3,0.014204699837052446
1988-04-30,Q4,0.005407537007312475
1988-04-30,Q5,-0.01218700809947477
1988-05-31,Q1,0.026927271747261578
1988-05-31,Q2,-0.0004011412311951683
1988-05-31,Q3,-0.012219463578553628
1988-05-31,Q4,-0.013873340474919865
1988-05-31,Q5,-0.0006184698501468966
1988-06-30,Q1,-0.009568693221527532
1988-06-30,Q2,-0.008754855881574888
1988-06-30,Q3,0.008395179375750423
1988-06-30,Q4,0.010762343305079565
1988-06-30,Q5,-0.0008048795570967655
1988-07-31,Q1,0.020116202995543706
1988-07-31,Q2,0.005575751372579065
1988-07-31,Q3,-0.012560833275413567
1988-07-31,Q4,0.0007550988626757484
1988-07-31,Q5,-0.013798291479895388
1988-08-31,Q1,0.01610951678645406
1988-08-31,Q2,0.012914990537882663
1988-08-31,Q3,-0.011261672855912125
1988-08-31,Q4,-0.00845672696884691
1988-08-31,Q5,-0.009403299060819041
1988-09-30,Q1,-0.010263716108273247
1988-09-30,Q2,-0.005924150614319084
1988-09-30,Q3,-0.005632454097734451
1988-09-30,Q4,0.0012425539616403212
1988-09-30,Q5,0.020511828877663063
1988-10-31,Q1,0.006686101856232763
1988-10-31,Q2,0.005615929235632208
1988-10-31,Q3,-0.012560335276894279
1988-10-31,Q4,-0.0037457841733913866
1988-10-31,Q5,0.004030428429719747
1988-11-30,Q1,0.0025358907790259295
1988-11-30,Q2,-0.014554237058362018
1988-11-30,Q3,-0.01132675398767634
1988-11-30,Q4,0.019459620699461364
1988-11-30,Q5,0.0037924162291947338
1988-12-31,Q1,-0.029169440038554335
1988-12-31,Q2,-0.007833893736066707
1988-12-31,Q3,0.013915572406141954
1988-12-31,Q4,0.03742529871651431
1988-12-31,Q5,-0.013724763018646413
1989-01-31,Q1,0.0007168337409413317
1989-01-31,Q2,0.0015808653051406964
1989-01-31,Q3,-0.008464693050799964
1989-01-31,Q4,0.004308550381112468
1989-01-31,Q5,0.0018482031415922263
1989-02-28,Q1,0.020229640982935195
1989-02-28,Q2,0.001962293580556414
1989-02-28,Q3,-0.007682352007692509
1989-02-28,Q4,-0.005119774072695641
1989-02-28,Q5,-0.00954248218028418
1989-03-31,Q1,-0.014195270154855742
1989-03-31,Q2,-0.0006762325617150391
1989-03-31,Q3,0.04093695542439676
1989-03-31,Q4,-0.013359117743847689
1989-03-31,Q5,-0.012706334963978116
1989-04-30,Q1,-0.002875467066395425
1989-04-30,Q2,-0.0053393057236531104
1989-04-30,Q3,0.009370132267625298
1989-04-30,Q4,0.01108472216069339
1989-04-30,Q5,-0.012200144595681188
1989-05-31,Q1,-0.0180520507604672
1989-05-31,Q2,-0.005388185592575027
1989-05-31,Q3,0.01637031330838673
1989-05-31,Q4,0.015555393637419066
1989-05-31,Q5,-0.008346193770231313
1989-06-30,Q1,0.00989653678492651
1989-06-30,Q2,0.021374650890601508
1989-06-30,Q3,-0.022646863666250745
1989-06-30,Q4,-0.007583115195317668
1989-06-30,Q5,-0.0011641994802231337
1989-07-31,Q1,-0.011002245618151985
1989-07-31,Q2,-0.007644260384652953
1989-07-31,Q3,0.009946232732329804
1989-07-31,Q4,-0.0003402909462337226
1989-07-31,Q5,0.009067073424836728
1989-08-31,Q1,-0.01133858098388188
1989-08-31,Q2,-0.005866687301654492
1989-08-31,Q3,0.005665620716798164
1989-08-31,Q4,-0.0048508588663652066
1989-08-31,Q5,0.016469195611725836
1989-09-30,Q1,-0.006141602729915451
1989-09-30,Q2,0.005985386355944731
1989-09-30,Q3,0.004007999765939984
1989-09-30,Q4,-0.0017550341973651916
1989-09-30,Q5,-0.001983895058651699
1989-10-31,Q1,-0.007481961484012722
1989-10-31,Q2,-0.006440447455372282
1989-10-31,Q3,0.009428728387506944
1989-10-31,Q4,0.003607040906028288
1989-10-31,Q5,0.000978241338046266
1989-11-30,Q1,-0.002344040702726622
1989-11-30,Q2,-0.009330943664412982
1989-11-30,Q3,-0.0008672286157151355
1989-11-30,Q4,0.011226580219347313
1989-11-30,Q5,0.001315632763507518
1989-12-31,Q1,0.007658986937163732
1989-12-31,Q2,-0.011597333239842522
1989-12-31,Q3,0.0037881203289922617
1989-12-31,Q4,-0.0006309684246335597
1989-12-31,Q5,0.0006717802992178416
1990-01-31,Q1,0.03797597966239394
1990-01-31,Q2,-0.009006190147701166
1990-01-31,Q3,-0.010081910798081605
1990-01-31,Q4,-0.011921215384316954
1990-01-31,Q5,-0.007269959064642547
1990-02-28,Q1,-0.0227696113519968
1990-02-28,Q2,-0.014393829077649847
1990-02-28,Q3,0.01113126511388956
1990-02-28,Q4,0.02915922628156644
1990-02-28,Q5,-0.002963355890604981
1990-03-31,Q1,-0.01532303461902536
1990-03-31,Q2,-0.009566868216108774
1990-03-31,Q3,0.020204025038742062
1990-03-31,Q4,0.01841357950766876
1990-03-31,Q5,-0.013430583696000885
1990-04-30,Q1,-0.0018671370466755652
1990-04-30,Q2,0.013320512949144417
1990-04-30,Q3,-0.0032226351323393137
1990-04-30,Q4,-0.004297041303384821
1990-04-30,Q5,-0.003933699466744844
1990-05-31,Q1,-0.01278650072326579
1990-05-31,Q2,0.0017516334609896304
1990-05-31,Q3,-0.015617816271493348
1990-05-31,Q4,0.02488078466479278
1990-05-31,Q5,0.002163552076709043
1990-06-30,Q1,0.036257288782701964
1990-06-30,Q2,0.00677262922978838
1990-06-30,Q3,0.005627403664929794
1990-06-30,Q4,-0.027846312293003522
1990-06-30,Q5,-0.020729452809562315
1990-07-31,Q1,0.016308491978673758
1990-07-31,Q2,-7.846335210440364e-05
1990-07-31,Q3,-0.020400373841818534
1990-07-31,Q4,-0.017113591402574534
1990-07-31,Q5,0.021283936617823632
1990-08-31,Q1,0.02415927280594818
1990-08-31,Q2,-0.011046293052212785
1990-08-31,Q3,-0.024033479146787398
1990-08-31,Q4,-0.0046838613331709866
1990-08-31,Q5,0.014992612518035475
1990-09-30,Q1,0.013034443647873813
1990-09-30,Q2,-0.026021903772446918
1990-09-30,Q3,0.01836582551770044
1990-09-30,Q4,-0.011177042773436405
1990-09-30,Q5,0.005584997976245339
1990-10-31,Q1,-0.005384320233759665
1990-10-31,Q2,-0.0010471327057887106
1990-10-31,Q3,0.006437506179349983
1990-10-31,Q4,-0.012338189061214888
1990-10-31,Q5,0.0123321358214132
1990-11-30,Q1,-0.055337677133932166
1990-11-30,Q2,0.03478846335481499
1990-11-30,Q3,0.011179866071898447
1990-11-30,Q4,0.031070775936273734
1990-11-30,Q5,-0.020585169935985463
1990-12-31,Q1,-0.0456082234302267
1990-12-31,Q2,0.019002307231848654
1990-12-31,Q3,0.02809620425060952
1990-12-31,Q4,-0.0032245812342205147
1990-12-31,Q5,0.0025206418618207564
1991-01-31,Q1,-0.009063371373408825
1991-01-31,Q2,0.003673084133934562
1991-01-31,Q3,0.0036150943718422203
1991-01-31,Q4,0.015145697819855787
1991-01-31,Q5,-0.01306200033003033
1991-02-28,Q1,0.016464853512847585
1991-02-28,Q2,0.05983165555971682
1991-02-28,Q3,-0.028632598166351927
1991-02-28,Q4,-0.020029698993913204
1991-02-28,Q5,-0.027891475248437294
1991-03-31,Q1,0.031092404272319296
1991-03-31,Q2,-0.005325377447536652
1991-03-31,Q3,0.020434256059069296
1991-03-31,Q4,-0.0172302740701538
1991-03-31,Q5,-0.028661398873408947
1991-04-30,Q1,0.0575438840722052
1991-04-30,Q2,0.004543311213777471
1991-04-30,Q3,-0.022439159430604476
1991-04-30,Q4,-0.03177860959629627
1991-04-30,Q5,-0.00872829020045799
1991-05-31,Q1,-0.004272486726888474
1991-05-31,Q2,0.01616155634916715
1991-05-31,Q3,-0.009677469141480204
1991-05-31,Q4,0.005389921232162774
1991-05-31,Q5,-0.007538691025800938
1991-06-30,Q1,0.012043038364774966
1991-06-30,Q2,-0.004098867401411092
1991-06-30,Q3,0.0017781822710450461
1991-06-30,Q4,-0.011954689859535482
1991-06-30,Q5,0.002258486364406365
1991-07-31,Q1,-0.029453530027004224
1991-07-31,Q2,-0.006369670433034104
1991-07-31,Q3,0.006767885743478283
1991-07-31,Q4,0.02814589545545738
1991-07-31,Q5,0.0010021300247121505
1991-08-31,Q1,-0.0336566741769904
1991-08-31,Q2,0.018107500676089412
1991-08-31,Q3,0.006928919845023646
1991-08-31,Q4,0.007913631294278387
1991-08-31,Q5,0.0008015390718049257
1991-09-30,Q1,-0.00021075683821194637
1991-09-30,Q2,0.019730116736373992
1991-09-30,Q3,0.011186558651083128
1991-09-30,Q4,-0.015668837067086112
1991-09-30,Q5,-0.014982199324465947
1991-10-31,Q1,-0.016695101865593816
1991-10-31,Q2,0.028160538200826625
1991-10-31,Q3,0.03130014165427275
1991-10-31,Q4,-0.03220367929888643
1991-10-31,Q5,-0.010561898690618951
1991-11-30,Q1,0.018445836109941594
1991-11-30,Q2,0.017242180857120926
1991-11-30,Q3,-0.024858266269607285
1991-11-30,Q4,-0.01145731659455691
1991-11-30,Q5,0.0003748832106639119
1991-12-31,Q1,-0.05406742358688613
1991-12-31,Q2,0.012936290095160287
1991-12-31,Q3,-0.00266871671766851
1991-12-31,Q4,0.018457864782140846
1991-12-31,Q5,0.025306402537684857
1992-01-31,Q1,-0.02249509785645336
1992-01-31,Q2,0.06438910701945587
1992-01-31,Q3,0.03789872413705132
1992-01-31,Q4,-0.03264359948081751
1992-01-31,Q5,-0.04665694259667714
1992-02-29,Q1,0.007394134093055717
1992-02-29,Q2,0.02003189981787362
1992-02-29,Q3,-0.02387499649930682
1992-02-29,Q4,0.0001951262800014894
1992-02-29,Q5,-0.004048378837184699
1992-03-31,Q1,0.10012332386376696
1992-03-31,Q2,-0.0010544739297066604
1992-03-31,Q3,-0.046204973582971175
1992-03-31,Q4,-0.04364218913267579
1992-03-31,Q5,-0.009221687218413512
1992-04-30,Q1,-0.0024610995145622613
1992-04-30,Q2,-0.01709389019264984
1992-04-30,Q3,-0.018505912747298923
1992-04-30,Q4,0.009798789453819129
1992-04-30,Q5,0.028021776471506065
1992-05-31,Q1,0.007998552123177799
1992-05-31,Q2,-0.008926773280231753
1992-05-31,Q3,-0.006735716281230757
1992-05-31,Q4,-0.0005714859309796736
1992-05-31,Q5,0.008128776007622018
1992-06-30,Q1,0.019632012845789647
1992-06-30,Q2,-0.01828449023772372
1992-06-30,Q3,-0.02504494324684569
1992-06-30,Q4,0.016038827750666645
1992-06-30,Q5,0.007628650721618938
1992-07-31,Q1,-0.002434030197919742
1992-07-31,Q2,-0.03168386560824871
1992-07-31,Q3,0.010687570816450194
1992-07-31,Q4,0.014964251838792577
1992-07-31,Q5,0.008497683932717002
1992-08-31,Q1,0.03187701092873646
1992-08-31,Q2,-0.011410830359328312
1992-08-31,Q3,-0.008618809677918561
1992-08-31,Q4,-0.014844544884619563
1992-08-31,Q5,0.0025383031388947564
1992-09-30,Q1,0.01049544115608999
1992-09-30,Q2,-0.013903043541285432
1992-09-30,Q3,0.015036054192662308
1992-09-30,Q4,-0.01590526447658902
1992-09-30,Q5,0.004477293391691138
1992-10-31,Q1,-0.001879759216413796
1992-10-31,Q2,-0.0019227302616221685
1992-10-31,Q3,0.016289485426495186
1992-10-31,Q4,-0.0030544947773846116
1992-10-31,Q5,-0.009407767497174301
1992-11-30,Q1,0.011916152702527365
1992-11-30,Q2,0.0051610203113575965
1992-11-30,Q3,0.02080727844952043
1992-11-30,Q4,-0.015492681143273922
1992-11-30,Q5,-0.02226082509991129
1992-12-31,Q1,0.03857658951365866
1992-12-31,Q2,0.012404663838237318
1992-12-31,Q3,-0.02491925153473508
1992-12-31,Q4,-0.004689422833928695
1992-12-31,Q5,-0.02137257898323205
1993-01-31,Q1,0.03998866384526224
1993-01-31,Q2,-0.012018118540201095
1993-01-31,Q3,0.0005587536728936218
1993-01-31,Q4,-0.015267941507744354
1993-01-31,Q5,-0.013743148600876031
1993-02-28,Q1,0.016165549826549306
1993-02-28,Q2,0.00416059127227589
1993-02-28,Q3,-0.018977010482676446
1993-02-28,Q4,-0.016744925524767414
1993-02-28,Q5,0.015242327417734555
1993-03-31,Q1,0.02713472589645542
1993-03-31,Q2,-0.004067894620347138
1993-03-31,Q3,-0.016791040026258086
1993-03-31,Q4,-0.006758953488751305
1993-03-31,Q5,0.00014635872505544426
1993-04-30,Q1,8.764478071223575e-06
1993-04-30,Q2,-0.006948485182991008
1993-04-30,Q3,0.009034492086143415
1993-04-30,Q4,-0.008708495918861846
1993-04-30,Q5,0.006613613594877776
1993-05-31,Q1,-0.024444051540084524
1993-05-31,Q2,-0.01387764150127043
1993-05-31,Q3,0.03159679940050629
1993-05-31,Q4,0.01111568211309642
1993-05-31,Q5,-0.004390788472247562
1993-06-30,Q1,0.05626519911471191
1993-06-30,Q2,-0.014506747541374048
1993-06-30,Q3,-0.0014473252106791093
1993-06-30,Q4,-0.02964717943993201
1993-06-30,Q5,-0.01068203848786017
1993-07-31,Q1,0.022819520497412076
1993-07-31,Q2,-0.0023116795663297687
1993-07-31,Q3,0.0040465616976518735
1993-07-31,Q4,-0.00824591396077712
1993-07-31,Q5,-0.01626031531441353
1993-08-31,Q1,0.014774457840178237
1993-08-31,Q2,0.025634931146464705
1993-08-31,Q3,-0.015031546653985994
1993-08-31,Q4,-0.010563472534565488
1993-08-31,Q5,-0.01498616581948874
1993-09-30,Q1,0.019558819312057937
1993-09-30,Q2,-0.0023565737669537616
1993-09-30,Q3,0.0029689725526036545
1993-09-30,Q4,0.011196813820323413
1993-09-30,Q5,-0.031368031918031135
1993-10-31,Q1,0.028986548843683478
1993-10-31,Q2,-0.008704943741254488
1993-10-31,Q3,0.009610879964447532
1993-10-31,Q4,-0.01419036680306091
1993-10-31,Q5,-0.015851381528757827
1993-11-30,Q1,-0.00391184265891056
1993-11-30,Q2,-0.01392074757482366
1993-11-30,Q3,0.002832954556550723
1993-11-30,Q4,0.005443810485115249
1993-11-30,Q5,0.009588766524121058
1993-12-31,Q1,0.0045893561368254695
1993-12-31,Q2,-0.029962049210854637
1993-12-31,Q3,0.005512287725142214
1993-12-31,Q4,0.02206732667575697
1993-12-31,Q5,-0.0021412988539514853
1994-01-31,Q1,0.019354050666839213
1994-01-31,Q2,0.010523483707733441
1994-01-31,Q3,-0.0030811477357772926
1994-01-31,Q4,-0.007397027307228226
1994-01-31,Q5,-0.01939883248662823
1994-02-28,Q1,-0.011603722599667765
1994-02-28,Q2,0.005755427003409669
1994-02-28,Q3,-0.005478630973610514
1994-02-28,Q4,0.01869554120009324
1994-02-28,Q5,-0.00743231964154574
1994-03-31,Q1,-0.003584418765195235
1994-03-31,Q2,-0.001223639357266988
1994-03-31,Q3,0.008214092507606111
1994-03-31,Q4,-0.006082302168558503
1994-03-31,Q5,0.002686951912611827
1994-04-30,Q1,-0.005776916773945024
1994-04-30,Q2,-0.00960833276481929
1994-04-30,Q3,0.004954191207111687
1994-04-30,Q4,0.011390047660907092
1994-04-30,Q5,-0.0008893879223394275
1994-05-31,Q1,0.02310280512004229
1994-05-31,Q2,-0.010427956116705875
1994-05-31,Q3,0.0005586726012177972
1994-05-31,Q4,-0.017339307663649398
1994-05-31,Q5,0.004105786059095253
1994-06-30,Q1,0.04494701687985613
1994-06-30,Q2,-0.004594953010272857
1994-06-30,Q3,-0.020610561944915458
1994-06-30,Q4,-0.006578552943676384
1994-06-30,Q5,-0.013162948980991539
1994-07-31,Q1,-0.016715186710337025
1994-07-31,Q2,-0.003029501207731837
1994-07-31,Q3,0.007812762536151607
1994-07-31,Q4,0.0049600164922600845
1994-07-31,Q5,0.007064917967468645
1994-08-31,Q1,0.011061499082637836
1994-08-31,Q2,-0.029897884052632523
1994-08-31,Q3,-0.011087218120375329
1994-08-31,Q4,0.02234241736949197
1994-08-31,Q5,0.007493331457120862
1994-09-30,Q1,0.022299301469182575
1994-09-30,Q2,0.024757844033857272
1994-09-30,Q3,-0.021057133102793002
1994-09-30,Q4,-0.014959485687996061
1994-09-30,Q5,-0.011285377097166928
1994-10-31,Q1,0.019289673558697075
1994-10-31,Q2,-0.01956179411138761
1994-10-31,Q3,-0.0010482608817268205
1994-10-31,Q4,0.0008058705558976027
1994-10-31,Q5,0.00029892555029582075
1994-11-30,Q1,0.016418399714204477
1994-11-30,Q2,-0.005750612264259368
1994-11-30,Q3,0.02278774057134735
1994-11-30,Q4,-0.022338583187289457
1994-11-30,Q5,-0.011116944834003186
1994-12-31,Q1,-0.035984197590351194
1994-12-31,Q2,0.006447929699713077
1994-12-31,Q3,0.012815682324380854
1994-12-31,Q4,0.011820756880977813
1994-12-31,Q5,0.005119933342878278
1995-01-31,Q1,0.021236792485448512
1995-01-31,Q2,0.014200774754347792
1995-01-31,Q3,-0.026523122346984646
1995-01-31,Q4,-0.013189230867907806
1995-01-31,Q5,0.003959034518584555
1995-02-28,Q1,0.007616884020908374
1995-02-28,Q2,-0.0037786012535362162
1995-02-28,Q3,-0.014946927614677943
1995-02-28,Q4,0.016759278849246766
1995-02-28,Q5,-0.005828573616401176
1995-03-31,Q1,-0.013326299078117214
1995-03-31,Q2,-0.01703944229258298
1995-03-31,Q3,0.01164958883278015
1995-03-31,Q4,0.010331764046491169
1995-03-31,Q5,0.008441852568018375
1995-04-30,Q1,-0.0015058951130254947
1995-04-30,Q2,0.024323422293193883
1995-04-30,Q3,-0.0031639572297824806
1995-04-30,Q4,-0.006704964667902682
1995-04-30,Q5,-0.012948605282482963
1995-05-31,Q1,-0.0033760425722137765
1995-05-31,Q2,0.031965794719355185
1995-05-31,Q3,-0.029154025115930186
1995-05-31,Q4,-0.0014839601750547195
1995-05-31,Q5,0.0020482331438437112
1995-06-30,Q1,-0.008060690345385766
1995-06-30,Q2,0.0136466134505159
1995-06-30,Q3,0.025574851485774798
1995-06-30,Q4,-0.012376957054286028
1995-06-30,Q5,-0.018496459654756083
1995-07-31,Q1,0.0006095886485447419
1995-07-31,Q2,-0.01026194402437716
1995-07-31,Q3,0.021187353925586665
1995-07-31,Q4,0.00022804111943173938
1995-07-31,Q5,-0.011648055638045293
1995-08-31,Q1,0.002870681186382324
1995-08-31,Q2,0.025601066237370917
1995-08-31,Q3,-0.0030809129459639026
1995-08-31,Q4,-0.007497262457265483
1995-08-31,Q5,-0.017925664863710868
1995-09-30,Q1,0.02250133996769985
1995-09-30,Q2,-0.026745059951453008
1995-09-30,Q3,0.015431209897094712
1995-09-30,Q4,-0.01175042135645024
1995-09-30,Q5,0.00032267861591294534
1995-10-31,Q1,0.02458976519069976
1995-10-31,Q2,-0.004796461934468838
1995-10-31,Q3,-0.016947416647758527
1995-10-31,Q4,-0.015802932656499537
1995-10-31,Q5,0.01269545280131744
1995-11-30,Q1,-0.020475037246553463
1995-11-30,Q2,-0.014017005240860627
1995-11-30,Q3,0.02012952206763347
1995-11-30,Q4,0.007964137202635562
1995-11-30,Q5,0.00661252706892856
1995-12-31,Q1,0.031394932095145635
1995-12-31,Q2,0.010277443786981501
1995-12-31,Q3,0.0019167514491234083
1995-12-31,Q4,-0.03235235602106651
1995-12-31,Q5,-0.011236771310183996
1996-01-31,Q1,-0.013049038021561274
1996-01-31,Q2,0.0014940445104451886
1996-01-31,Q3,-0.024098397423677118
1996-01-31,Q4,0.013171425189550265
1996-01-31,Q5,0.022620785298663813
1996-02-29,Q1,-0.0019921323804221783
1996-02-29,Q2,-0.0018006065586034293
1996-02-29,Q3,0.014838233547951081
1996-02-29,Q4,0.0046446611840066905
1996-02-29,Q5,-0.015502046344279305
1996-03-31,Q1,-0.01085103843172598
1996-03-31,Q2,0.0034310576888319515
1996-03-31,Q3,0.012235107702407039
1996-03-31,Q4,0.0018877544130169778
1996-03-31,Q5,-0.006516137544824957
1996-04-30,Q1,0.06365944616501257
1996-04-30,Q2,-0.015751291346981916
1996-04-30,Q3,0.00651817419845226
1996-04-30,Q4,-0.026834058666062127
1996-04-30,Q5,-0.0275243727025201
1996-05-31,Q1,0.04468741202022353
1996-05-31,Q2,-0.006285517920780564
1996-05-31,Q3,0.009312789669819084
1996-05-31,Q4,-0.025805876997352595
1996-05-31,Q5,-0.021908806771909182
1996-06-30,Q1,0.006375757524710241
1996-06-30,Q2,-0.039431550341043994
1996-06-30,Q3,0.0016619659242585589
1996-06-30,Q4,0.011231114847892808
1996-06-30,Q5,0.019868957507795344
1996-07-31,Q1,0.017390754999888503
1996-07-31,Q2,-0.014318609071906095
1996-07-31,Q3,-0.03481875342725751
1996-07-31,Q4,0.004643176850739477
1996-07-31,Q5,0.02700050051852298
1996-08-31,Q1,-0.009283272761200815
1996-08-31,Q2,-0.007567707365086136
1996-08-31,Q3,0.02303949701488678
1996-08-31,Q4,0.012029034263196072
1996-08-31,Q5,-0.01821755115179569
1996-09-30,Q1,-0.012604357054480056
1996-09-30,Q2,-0.00835990900043136
1996-09-30,Q3,-0.0036302665223580228
1996-09-30,Q4,0.0012466576846066862
1996-09-30,Q5,0.02330966156084857
1996-10-31,Q1,-0.0016403962794647796
1996-10-31,Q2,-0.014039235325174221
1996-10-31,Q3,-0.0018534406547688566
1996-10-31,Q4,0.012411426631707497
1996-10-31,Q5,0.005104142308415772
1996-11-30,Q1,-0.03489035311882245
1996-11-30,Q2,-0.005245406144137737
1996-11-30,Q3,0.009050875720708383
1996-11-30,Q4,0.013693029200233884
1996-11-30,Q5,0.017580010242844
1996-12-31,Q1,0.008040435167720041
1996-12-31,Q2,-0.0012610030800785424
1996-12-31,Q3,0.0188801917709537
1996-12-31,Q4,-0.003485122604214775
1996-12-31,Q5,-0.022261897288812126
1997-01-31,Q1,0.0028984406286312174
1997-01-31,Q2,0.014446048542196936
1997-01-31,Q3,-0.011029412089281217
1997-01-31,Q4,-0.005313606109576352
1997-01-31,Q5,-0.0009022052933550551
1997-02-28,Q1,0.015593472059896953
1997-02-28,Q2,-0.011990636191282447
1997-02-28,Q3,-0.01744877862273915
1997-02-28,Q4,0.006039540053115832
1997-02-28,Q5,0.007614657880978554
1997-03-31,Q1,-0.007379470127134655
1997-03-31,Q2,0.005090137485845503
1997-03-31,Q3,-0.007274267062003447
1997-03-31,Q4,0.00764335366475638
1997-03-31,Q5,0.0018375839128314203
1997-04-30,Q1,-0.006666072181374324
1997-04-30,Q2,-0.04326145881520397
1997-04-30,Q3,-0.004678742153621755
1997-04-30,Q4,0.02198206915632821
1997-04-30,Q5,0.03262420399387169
1997-05-31,Q1,-0.0333196071059585
1997-05-31,Q2,0.013328659188293008
1997-05-31,Q3,0.05103405801848871
1997-05-31,Q4,0.0023719176587926605
1997-05-31,Q5,-0.03323861678380573
1997-06-30,Q1,0.007713368534242996
1997-06-30,Q2,0.002308759890340372
1997-06-30,Q3,0.00505232795389039
1997-06-30,Q4,-0.012151514871574646
1997-06-30,Q5,-0.0029229415068988043
1997-07-31,Q1,-0.025032629666665713
1997-07-31,Q2,0.010307908836986512
1997-07-31,Q3,-0.009739326671570072
1997-07-31,Q4,0.007300648051571448
1997-07-31,Q5,0.017361248403482115
1997-08-31,Q1,-0.017058606431174857
1997-08-31,Q2,0.045527091016120284
1997-08-31,Q3,0.022078643006866197
1997-08-31,Q4,-0.006503526861479575
1997-08-31,Q5,-0.04404360073033186
1997-09-30,Q1,0.011208196314920186
1997-09-30,Q2,0.028498207328364895
1997-09-30,Q3,0.01458957507778668
1997-09-30,Q4,-0.03386862833959247
1997-09-30,Q5,-0.020427350381479054
1997-10-31,Q1,0.029625600742300015
1997-10-31,Q2,0.0002521585561714925
1997-10-31,Q3,-0.010175087992417352
1997-10-31,Q4,-0.013644161770435322
1997-10-31,Q5,-0.006058509535619016
1997-11-30,Q1,-0.007523783670565289
1997-11-30,Q2,0.0031687163365474655
1997-11-30,Q3,-0.017565411348045363
1997-11-30,Q4,0.006580840146005
1997-11-30,Q5,0.015250822003495779
1997-12-31,Q1,-0.004470924233184159
1997-12-31,Q2,-0.009185011585745397
1997-12-31,Q3,0.00667305525080939
1997-12-31,Q4,-0.0017209364480244979
1997-12-31,Q5,0.008755804507228121
1998-01-31,Q1,0.0016723136962563318
1998-01-31,Q2,-0.01269843356446839
1998-01-31,Q3,-0.0014973122449267059
1998-01-31,Q4,0.007568097261138609
1998-01-31,Q5,0.004937719413824623
1998-02-28,Q1,-0.029124151840311942
1998-02-28,Q2,0.008429534314446952
1998-02-28,Q3,-0.005580189227811599
1998-02-28,Q4,0.010108648390819722
1998-02-28,Q5,0.016166158362857133
1998-03-31,Q1,0.04249328156197769
1998-03-31,Q2,0.009037926752047955
1998-03-31,Q3,-0.028926137430239654
1998-03-31,Q4,-0.021871379033305386
1998-03-31,Q5,-0.0012082326426564752
1998-04-30,Q1,0.03323991622533137
1998-04-30,Q2,-0.010267702952526797
1998-04-30,Q3,0.0038238833495701525
1998-04-30,Q4,3.6031659810032194e-05
1998-04-30,Q5,-0.027218638935967633
1998-05-31,Q1,0.02609790348197717
1998-05-31,Q2,-0.013794962313980232
1998-05-31,Q3,-0.010511987732971762
1998-05-31,Q4,-0.01786201489859981
1998-05-31,Q5,0.015569049976127429
1998-06-30,Q1,-0.009454108553009615
1998-06-30,Q2,-0.006878675840485411
1998-06-30,Q3,-0.017256450404986114
1998-06-30,Q4,0.006685616641423392
1998-06-30,Q5,0.02690361815705763
1998-07-31,Q1,0.019202266037241605
1998-07-31,Q2,-0.018104611823313736
1998-07-31,Q3,-0.01952681671840875
1998-07-31,Q4,0.00461113149679389
1998-07-31,Q5,0.013573945798706601
1998-08-31,Q1,-0.01073156177134914
1998-08-31,Q2,-0.012510931849761346
1998-08-31,Q3,-0.000831548270652636
1998-08-31,Q4,-0.005459045649467206
1998-08-31,Q5,0.02953308754123011
1998-09-30,Q1,-0.026688652586422407
1998-09-30,Q2,0.00012206465063086647
1998-09-30,Q3,0.018314088452535078
1998-09-30,Q4,-0.0003136187809824744
1998-09-30,Q5,0.008921966965391395
1998-10-31,Q1,-0.042482827378899704
1998-10-31,Q2,-0.015235878025434907
1998-10-31,Q3,0.01642906613381364
1998-10-31,Q4,0.026754104547655373
1998-10-31,Q5,0.014898486575541504
1998-11-30,Q1,-0.001442253104126615
1998-11-30,Q2,0.05556882588052504
1998-11-30,Q3,-0.010888037401784076
1998-11-30,Q4,-0.002152773995349746
1998-11-30,Q5,-0.04039204641971664
1998-12-31,Q1,-0.04752715606624073
1998-12-31,Q2,0.004272444676249092
1998-12-31,Q3,0.034704148098573244
1998-12-31,Q4,0.00394383069999527
1998-12-31,Q5,0.005063366119036064
1999-01-31,Q1,0.03533704565276927
1999-01-31,Q2,0.005334370943313946
1999-01-31,Q3,-0.02668947328030644
1999-01-31,Q4,-0.008563732904464445
1999-01-31,Q5,-0.005806766713149287
1999-02-28,Q1,0.025400939226268855
1999-02-28,Q2,-0.011169265087913514
1999-02-28,Q3,-0.025886074728610424
1999-02-28,Q4,-0.006277299155396185
1999-02-28,Q5,0.017931699745651015
1999-03-31,Q1,-0.05052907917552876
1999-03-31,Q2,-0.015135712852085667
1999-03-31,Q3,0.012562216901166658
1999-03-31,Q4,0.012659912472775441
1999-03-31,Q5,0.04044266265367235
1999-04-30,Q1,-0.028189667209680688
1999-04-30,Q2,0.018121841892125328
1999-04-30,Q3,0.022765243142681385
1999-04-30,Q4,1.39174164116669e-05
1999-04-30,Q5,-0.012469525117423668
1999-05-31,Q1,0.01743839084149728
1999-05-31,Q2,-0.0015138841704055188
1999-05-31,Q3,0.009112359568446641
1999-05-31,Q4,-0.0011830472187530727
1999-05-31,Q5,-0.023853819020785153
1999-06-30,Q1,-0.00855169266489716
1999-06-30,Q2,0.012876874039716546
1999-06-30,Q3,-0.001256172419450863
1999-06-30,Q4,-0.00034029846169090323
1999-06-30,Q5,-0.0025802841363278114
1999-07-31,Q1,0.02683481389795303
1999-07-31,Q2,0.023881646537282922
1999-07-31,Q3,-0.0037227230785383623
1999-07-31,Q4,-0.02279839174003492
1999-07-31,Q5,-0.02455314313530204
1999-08-31,Q1,0.007743250618423512
1999-08-31,Q2,0.01025546918637703
1999-08-31,Q3,-0.00044317652829363777
1999-08-31,Q4,-0.02362413154486285
1999-08-31,Q5,0.0060685882683559796
1999-09-30,Q1,-0.011988602678049682
1999-09-30,Q2,0.014319543698658468
1999-09-30,Q3,0.02254278767075779
1999-09-30,Q4,-0.0045419792122877445
1999-09-30,Q5,-0.01987653325151377
1999-10-31,Q1,0.040085152990160564
1999-10-31,Q2,-0.03934495425177599
1999-10-31,Q3,-0.004943461588694378
1999-10-31,Q4,-0.021321788309692946
1999-10-31,Q5,0.024600963777606056
1999-11-30,Q1,0.022795304691163212
1999-11-30,Q2,-0.002982360740772745
1999-11-30,Q3,0.005382471214954055
1999-11-30,Q4,0.0036531850025791368
1999-11-30,Q5,-0.028848600167923566
1999-12-31,Q1,-0.030558061730890294
1999-12-31,Q2,0.050892463644603786
1999-12-31,Q3,0.017931871914270408
1999-12-31,Q4,-0.024076902186340888
1999-12-31,Q5,-0.014189371641642976
2000-01-31,Q1,0.08435369604131213
2000-01-31,Q2,-0.0011520332167012693
2000-01-31,Q3,-0.0009103380872621616
2000-01-31,Q4,-0.0285379888215738
2000-01-31,Q5,-0.0541600485464362
2000-02-29,Q1,0.041011239277258096
2000-02-29,Q2,0.07304701142404375
2000-02-29,Q3,0.0231370520103547
2000-02-29,Q4,-0.021002632390644944
2000-02-29,Q5,-0.11675446811933016
2000-03-31,Q1,-0.004290220859240124
2000-03-31,Q2,-0.043190302077256375
2000-03-31,Q3,-0.037978355983349164
2000-03-31,Q4,0.05878937974458622
2000-03-31,Q5,0.026880297522115258
2000-04-30,Q1,-0.03012425006993525
2000-04-30,Q2,-0.0559809927932697
2000-04-30,Q3,0.031382911466507346
2000-04-30,Q4,0.030726217655009234
2000-04-30,Q5,0.024450938545550648
2000-05-31,Q1,-0.0026573063471863
2000-05-31,Q2,-0.01463375842450502
2000-05-31,Q3,-0.007512508182521444
2000-05-31,Q4,0.012013496686875937
2000-05-31,Q5,0.012790076267336869
2000-06-30,Q1,0.0018915810164522502
2000-06-30,Q2,0.010111119290036085
2000-06-30,Q3,0.07415163512357593
2000-06-30,Q4,-0.042459089891272596
2000-06-30,Q5,-0.04372347809127603
2000-07-31,Q1,0.01097610222184468
2000-07-31,Q2,0.009633988257743115
2000-07-31,Q3,-0.01158773161832802
2000-07-31,Q4,0.015532578350697194
2000-07-31,Q5,-0.024184840644185843
2000-08-31,Q1,0.0096295619627035
2000-08-31,Q2,0.007823656870278497
2000-08-31,Q3,-0.010585258883861406
2000-08-31,Q4,-0.0015600197485950078
2000-08-31,Q5,-0.005371493461733891
2000-09-30,Q1,0.04344698709159412
2000-09-30,Q2,0.0053126150086319586
2000-09-30,Q3,-0.000706506975047155
2000-09-30,Q4,-0.01973589360479693
2000-09-30,Q5,-0.02854301921547476
2000-10-31,Q1,-0.05740780162580966
2000-10-31,Q2,-0.019879239538378394
2000-10-31,Q3,0.007925267825504678
2000-10-31,Q4,0.04296363904223392
2000-10-31,Q5,0.02729513119685271
2000-11-30,Q1,0.01871208076251353
2000-11-30,Q2,-0.021563925503755927
2000-11-30,Q3,-0.01256945609455464
2000-11-30,Q4,0.004833337928566339
2000-11-30,Q5,0.01038190624994283
2000-12-31,Q1,-0.04906192276475342
2000-12-31,Q2,0.036126204431950915
2000-12-31,Q3,0.03726718570299514
2000-12-31,Q4,-0.0084803803141769
2000-12-31,Q5,-0.015229967294299021
2001-01-31,Q1,0.028717362738628207
2001-01-31,Q2,0.04944642244512857
2001-01-31,Q3,-0.041027555968039905
2001-01-31,Q4,-0.03083893654520594
2001-01-31,Q5,-0.006938348232511476
2001-02-28,Q1,0.006263377697811093
2001-02-28,Q2,-0.010435237023382568
2001-02-28,Q3,-0.0075732895015948555
2001-02-28,Q4,0.003622929589695768
2001-02-28,Q5,0.008014087373443793
2001-03-31,Q1,0.034194970900176785
2001-03-31,Q2,0.00803847967615691
2001-03-31,Q3,-0.01863561059800337
2001-03-31,Q4,-0.017558776833875793
2001-03-31,Q5,-0.006197734763749881
2001-04-30,Q1,-0.04163207226335353
2001-04-30,Q2,0.00562506919929607
2001-04-30,Q3,0.004474977758334053
2001-04-30,Q4,0.018146887187673145
2001-04-30,Q5,0.013385138118050557
2001-05-31,Q1,0.016410805669299196
2001-05-31,Q2,0.06607080791639494
2001-05-31,Q3,-0.014798602312967436
2001-05-31,Q4,-0.022243777388235107
2001-05-31,Q5,-0.044963358012111224
2001-06-30,Q1,-0.02437431792971299
2001-06-30,Q2,0.028399906864273128
2001-06-30,Q3,0.04381438675130492
2001-06-30,Q4,-0.01557191365560965
2001-06-30,Q5,-0.03205426214344435
2001-07-31,Q1,0.05855442827638789
2001-07-31,Q2,-0.02975686099480413
2001-07-31,Q3,-0.014152759446441666
2001-07-31,Q4,-0.0038017541759942782
2001-07-31,Q5,-0.011625207341397666
2001-08-31,Q1,0.003249596713725855
2001-08-31,Q2,0.01266317416878243
2001-08-31,Q3,-0.00475804200164425
2001-08-31,Q4,0.000278819759165418
2001-08-31,Q5,-0.011514193419718363
2001-09-30,Q1,0.019685030930353002
2001-09-30,Q2,0.015140534261961307
2001-09-30,Q3,-0.02655918165481942
2001-09-30,Q4,-0.014374103010596165
2001-09-30,Q5,0.005756201063630506
2001-10-31,Q1,0.011022597276652875
2001-10-31,Q2,0.00793740594880216
2001-10-31,Q3,-0.007700245011719371
2001-10-31,Q4,0.007954015410578186
2001-10-31,Q5,-0.019213773624313667
2001-11-30,Q1,-0.027583899305203604
2001-11-30,Q2,-0.006588948815476504
2001-11-30,Q3,0.014165811895491742
2001-11-30,Q4,0.0086987595734883
2001-11-30,Q5,0.011783861122479589
2001-12-31,Q1,0.0009621374112603081
2001-12-31,Q2,0.030869032718218416
2001-12-31,Q3,0.00990151323976425
2001-12-31,Q4,-0.014659773190824494
2001-12-31,Q5,-0.026905087920117195
2002-01-31,Q1,0.011095947587497643
2002-01-31,Q2,0.013706384273017342
2002-01-31,Q3,-0.011144605120499102
2002-01-31,Q4,-0.015092726270268678
2002-01-31,Q5,0.0014349995302527713
2002-02-28,Q1,-0.017237309845200315
2002-02-28,Q2,-0.012478650496388329
2002-02-28,Q3,0.015330400628856796
2002-02-28,Q4,0.02078363646383283
2002-02-28,Q5,-0.0062548873378691725
2002-03-31,Q1,0.01971942227097426
2002-03-31,Q2,0.01702243826182923
2002-03-31,Q3,0.02235104893806819
2002-03-31,Q4,-0.0178866791123322
2002-03-31,Q5,-0.041546220397694
2002-04-30,Q1,0.023625635322229707
2002-04-30,Q2,0.013628070278873609
2002-04-30,Q3,0.021803946546193727
2002-04-30,Q4,-0.017797149477993365
2002-04-30,Q5,-0.04126050266930347
2002-05-31,Q1,0.062441064350470296
2002-05-31,Q2,-0.01509130601994244
2002-05-31,Q3,-0.03673886705245676
2002-05-31,Q4,-0.00859429584483677
2002-05-31,Q5,-0.0026392880951403054
2002-06-30,Q1,0.012006510377938328
2002-06-30,Q2,0.017003121857588795
2002-06-30,Q3,0.0067789096551028145
2002-06-30,Q4,-0.025879731202434877
2002-06-30,Q5,-0.009944977924225284
2002-07-31,Q1,0.035617030101027215
2002-07-31,Q2,-0.054573614463686
2002-07-31,Q3,-0.014490763495811762
2002-07-31,Q4,0.0033119268145764976
2002-07-31,Q5,0.028961270130591656
2002-08-31,Q1,0.0003691780876433868
2002-08-31,Q2,0.00255671240736875
2002-08-31,Q3,-0.0032706181298152634
2002-08-31,Q4,-0.006380067016692944
2002-08-31,Q5,0.006717958020243515
2002-09-30,Q1,0.019714727873989986
2002-09-30,Q2,0.010511779096586281
2002-09-30,Q3,0.003171485001733781
2002-09-30,Q4,-0.01997397105813831
2002-09-30,Q5,-0.013542713498319378
2002-10-31,Q1,-0.04142514061245356
2002-10-31,Q2,0.01889535904018629
2002-10-31,Q3,-0.023762061188974587
2002-10-31,Q4,0.011816021990733935
2002-10-31,Q5,0.03524295300407203
2002-11-30,Q1,-0.01856384917799841
2002-11-30,Q2,0.01988725899006879
2002-11-30,Q3,-0.0017402400804024856
2002-11-30,Q4,0.004940457177998529
2002-11-30,Q5,-0.004555267638400752
2002-12-31,Q1,0.03753023432626762
2002-12-31,Q2,-0.008786137166850864
2002-12-31,Q3,0.00451915830223442
2002-12-31,Q4,-0.011735754026725631
2002-12-31,Q5,-0.022222505774300946
2003-01-31,Q1,0.01602968223926211
2003-01-31,Q2,0.008973154705781002
2003-01-31,Q3,-0.005291672820995351
2003-01-31,Q4,-0.01158933007549347
2003-01-31,Q5,-0.00841868001594817
2003-02-28,Q1,0.006894195797137409
2003-02-28,Q2,0.008002664483779084
2003-02-28,Q3,-0.00966413542730593
2003-02-28,Q4,-0.0007006279113976375
2003-02-28,Q5,-0.004532096942212975
2003-03-31,Q1,-0.005185655692751536
2003-03-31,Q2,-0.017644129809484422
2003-03-31,Q3,0.01859051364342483
2003-03-31,Q4,0.002472824277708956
2003-03-31,Q5,0.0018642901413427448
2003-04-30,Q1,-0.04702026091054707
2003-04-30,Q2,0.02865345785046182
2003-04-30,Q3,0.024036533242852938
2003-04-30,Q4,-0.007038701584776373
2003-04-30,Q5,0.002198994847618619
2003-05-31,Q1,-0.0014577254780739465
2003-05-31,Q2,0.007655489189285439
2003-05-31,Q3,0.0060758643328184874
2003-05-31,Q4,0.0018686748704284265
2003-05-31,Q5,-0.013972228556249022
2003-06-30,Q1,0.016741557078782898
2003-06-30,Q2,0.02263842292825548
2003-06-30,Q3,0.0007757108311911464
2003-06-30,Q4,-0.016076766882474534
2003-06-30,Q5,-0.024065071976626495
2003-07-31,Q1,0.019200823519674975
2003-07-31,Q2,0.022500888364119204
2003-07-31,Q3,-0.0005327668797020542
2003-07-31,Q4,-0.01620444167026208
2003-07-31,Q5,-0.025307375182395595
2003-08-31,Q1,-0.002681811039911615
2003-08-31,Q2,0.006356664738514431
2003-08-31,Q3,-0.002305078310593651
2003-08-31,Q4,0.014147713340512904
2003-08-31,Q5,-0.015157762797310893
2003-09-30,Q1,0.050043342835718416
2003-09-30,Q2,-0.006140131229949713
2003-09-30,Q3,-0.016685879270589836
2003-09-30,Q4,-0.010897859989757688
2003-09-30,Q5,-0.016612207069466766
2003-10-31,Q1,-0.00035637218845896413
2003-10-31,Q2,0.03568588416806161
2003-10-31,Q3,-0.016090083311907193
2003-10-31,Q4,0.0028787668993688373
2003-10-31,Q5,-0.022118195567064066
2003-11-30,Q1,0.0013874151934862699
2003-11-30,Q2,0.00510927044879976
2003-11-30,Q3,0.015844062793557438
2003-11-30,Q4,0.003497331751060702
2003-11-30,Q5,-0.025838080186903905
2003-12-31,Q1,0.0030951175673359145
2003-12-31,Q2,0.020495322621134997
2003-12-31,Q3,-0.014478801696464507
2003-12-31,Q4,-0.011020329300291497
2003-12-31,Q5,0.0018252940020249654
2004-01-31,Q1,0.013253065118027622
2004-01-31,Q2,0.004295256025796927
2004-01-31,Q3,0.02012470661560658
2004-01-31,Q4,-0.014187311322929035
2004-01-31,Q5,-0.023645265715487838
2004-02-29,Q1,0.04966405061783557
2004-02-29,Q2,-0.009748773863449597
2004-02-29,Q3,-0.020614432877788705
2004-02-29,Q4,-0.007619264219976144
2004-02-29,Q5,-0.01168157965662105
2004-03-31,Q1,-0.005656916536217596
2004-03-31,Q2,0.028999176625991226
2004-03-31,Q3,-0.006704543858604813
2004-03-31,Q4,0.007437772197912835
2004-03-31,Q5,-0.024185398984140658
2004-04-30,Q1,0.020357825572178564
2004-04-30,Q2,-6.0224649407466155e-05
2004-04-30,Q3,-0.014566803429048852
2004-04-30,Q4,-0.006274540838972066
2004-04-30,Q5,0.0002044462523801846
2004-05-31,Q1,-0.000996261565879355
2004-05-31,Q2,0.0004200567864209936
2004-05-31,Q3,-0.01172737802034651
2004-05-31,Q4,0.012377419752655747
2004-05-31,Q5,-0.0002692932531898253
2004-06-30,Q1,-0.012790901253302981
2004-06-30,Q2,0.017302473704221884
2004-06-30,Q3,0.022888183849837394
2004-06-30,Q4,-0.0050919387666188256
2004-06-30,Q5,-0.02230781753413724
2004-07-31,Q1,0.016270273734041708
2004-07-31,Q2,-0.015675670429832343
2004-07-31,Q3,-0.008413676753111804
2004-07-31,Q4,-0.0010834210722429798
2004-07-31,Q5,0.008475837432074314
2004-08-31,Q1,-0.0040809343110804076
2004-08-31,Q2,-0.006350495821536741
2004-08-31,Q3,0.005801561217378309
2004-08-31,Q4,-0.005350617814507739
2004-08-31,Q5,0.009778743391194004
2004-09-30,Q1,-0.023407325603689626
2004-09-30,Q2,0.014734600674541963
2004-09-30,Q3,0.020525864110692876
2004-09-30,Q4,0.0008952962425444096
2004-09-30,Q5,-0.012478954442760358
2004-10-31,Q1,0.0013727966966281676
2004-10-31,Q2,-0.011556098193835417
2004-10-31,Q3,0.005537745444184683
2004-10-31,Q4,-0.0031464339154166506
2004-10-31,Q5,0.007768321059876791
2004-11-30,Q1,-0.0126992015496384
2004-11-30,Q2,0.034881979289910874
2004-11-30,Q3,0.016632647569553547
2004-11-30,Q4,-0.014833372071157426
2004-11-30,Q5,-0.023700143957828417
2004-12-31,Q1,0.02119626345743507
2004-12-31,Q2,-0.01432545704071635
2004-12-31,Q3,-0.005690336712053736
2004-12-31,Q4,-0.002481152163062019
2004-12-31,Q5,0.0009414237557288052
2005-01-31,Q1,0.025774206982599975
2005-01-31,Q2,-0.012133983170322495
2005-01-31,Q3,-0.013873568144352949
2005-01-31,Q4,-0.0056284760704663934
2005-01-31,Q5,0.005424969436734959
2005-02-28,Q1,-0.0016503665171856412
2005-02-28,Q2,0.008453647855017095
2005-02-28,Q3,-0.0050987838688768775
2005-02-28,Q4,0.00016579339494539737
2005-02-28,Q5,-0.001956710929473909
2005-03-31,Q1,-0.0022817419812790193
2005-03-31,Q2,-0.009881129782279337
2005-03-31,Q3,0.004607108080265627
2005-03-31,Q4,0.0023271671561637198
2005-03-31,Q5,0.005306683104760634
2005-04-30,Q1,-0.011537363033878548
2005-04-30,Q2,-0.03969663638308979
2005-04-30,Q3,0.012004762160624393
2005-04-30,Q4,0.026487269551233844
2005-04-30,Q5,0.01274196770510989
2005-05-31,Q1,0.006909672376739856
2005-05-31,Q2,0.02560713392797721
2005-05-31,Q3,0.003363094696803128
2005-05-31,Q4,-0.009680123049782115
2005-05-31,Q5,-0.026199777951737887
2005-06-30,Q1,-0.0030796977659087827
2005-06-30,Q2,0.027154584012509832
2005-06-30,Q3,0.0022196792605255183
2005-06-30,Q4,-0.009149041651599075
2005-06-30,Q5,-0.016835083469994384
2005-07-31,Q1,-0.010578928757603826
2005-07-31,Q2,0.02543750804094048
2005-07-31,Q3,-0.00433260533675415
2005-07-31,Q4,-0.0010732736206759434
2005-07-31,Q5,-0.009267105084544822
2005-08-31,Q1,0.00950820733511253
2005-08-31,Q2,-0.020376747016777403
2005-08-31,Q3,0.01335274502274818
2005-08-31,Q4,-0.012690007472042323
2005-08-31,Q5,0.010036012714260618
2005-09-30,Q1,0.00117492416226692
2005-09-30,Q2,-0.01850645484640148
2005-09-30,Q3,0.006107753556991405
2005-09-30,Q4,-0.0005211042773784336
2005-09-30,Q5,0.011744881404521691
2005-10-31,Q1,-0.018623795411825055
2005-10-31,Q2,0.030764380264581857
2005-10-31,Q3,-0.005163466896476779
2005-10-31,Q4,-0.0052249221420027836
2005-10-31,Q5,-0.0018444005802859761
2005-11-30,Q1,-0.017064282079376263
2005-11-30,Q2,-0.003222079484565417
2005-11-30,Q3,0.015804680111013294
2005-11-30,Q4,0.009574975788884997
2005-11-30,Q5,-0.004783034661786011
2005-12-31,Q1,0.029327959062869564
2005-12-31,Q2,-0.010841174052975635
2005-12-31,Q3,-0.0141637375844455
2005-12-31,Q4,-0.0008092613130622403
2005-12-31,Q5,-0.00397475348650189
2006-01-31,Q1,-0.006472933807089389
2006-01-31,Q2,0.03485750505614465
2006-01-31,Q3,0.018169448859246415
2006-01-31,Q4,-0.026643661033310135
2006-01-31,Q5,-0.01958590463107621
2006-02-28,Q1,0.025221868810859645
2006-02-28,Q2,-0.023576451767043868
2006-02-28,Q3,-0.0050025973644740864
2006-02-28,Q4,-0.0036248669136339385
2006-02-28,Q5,0.0064069773049144985
2006-03-31,Q1,-0.012822793594498375
2006-03-31,Q2,0.011681810741985155
2006-03-31,Q3,0.021136169246587167
2006-03-31,Q4,-0.01035336176547742
2006-03-31,Q5,-0.009240670731755399
2006-04-30,Q1,0.006066824976343136
2006-04-30,Q2,0.012682724292794883
2006-04-30,Q3,-0.00256434386240444
2006-04-30,Q4,-0.003980581549691546
2006-04-30,Q5,-0.012314929765702733
2006-05-31,Q1,-0.00678366368214504
2006-05-31,Q2,-0.007816514149038119
2006-05-31,Q3,-0.004800129415289298
2006-05-31,Q4,0.002534119904846612
2006-05-31,Q5,0.01677729605615733
2006-06-30,Q1,-0.01152248627724873
2006-06-30,Q2,-0.005593816167388154
2006-06-30,Q3,-0.0005704625428930004
2006-06-30,Q4,0.005070134938818915
2006-06-30,Q5,0.012605866604505404
2006-07-31,Q1,0.011969136793420302
2006-07-31,Q2,-0.007925237805977021
2006-07-31,Q3,-0.022565603553733306
2006-07-31,Q4,0.00036228346665789004
2006-07-31,Q5,0.018016723847946732
2006-08-31,Q1,-0.025678830687102
2006-08-31,Q2,-0.001102685770534381
2006-08-31,Q3,0.020802536267272017
2006-08-31,Q4,0.009313512514275122
2006-08-31,Q5,-0.0027871103803065816
2006-09-30,Q1,-0.022828648531613167
2006-09-30,Q2,0.019228199304421874
2006-09-30,Q3,-0.012825368533242846
2006-09-30,Q4,0.011596099700136435
2006-09-30,Q5,0.005169320522020623
2006-10-31,Q1,0.00018700354311354742
2006-10-31,Q2,0.015482252950361632
2006-10-31,Q3,0.0067472005843061626
2006-10-31,Q4,-0.013278257206186183
2006-10-31,Q5,-0.009008446014204459
2006-11-30,Q1,-0.02279296654034054
2006-11-30,Q2,0.01861206219638305
2006-11-30,Q3,0.015567361509258734
2006-11-30,Q4,-0.005049697076789194
2006-11-30,Q5,-0.006336760088511842
2006-12-31,Q1,0.007064912750937797
2006-12-31,Q2,0.01268318277846748
2006-12-31,Q3,0.004874503283174648
2006-12-31,Q4,-0.018868660814596216
2006-12-31,Q5,-0.00566196623792372
2007-01-31,Q1,0.0009155328504989474
2007-01-31,Q2,-0.0230100578150397
2007-01-31,Q3,0.011159214916569824
2007-01-31,Q4,0.0098676685262581
2007-01-31,Q5,0.0010676415217128828
2007-02-28,Q1,0.025337723354854787
2007-02-28,Q2,-0.010181984358598902
2007-02-28,Q3,-0.014212940067101058
2007-02-28,Q4,-0.003492210055847176
2007-02-28,Q5,0.0025494111266923113
2007-03-31,Q1,-0.010529552622721436
2007-03-31,Q2,0.0016249024477114594
2007-03-31,Q3,0.016679675017885635
2007-03-31,Q4,-0.000550622146369581
2007-03-31,Q5,-0.006882980478828484
2007-04-30,Q1,-0.016162254679373118
2007-04-30,Q2,-0.020472926845009204
2007-04-30,Q3,0.0017708864678364605
2007-04-30,Q4,0.017967945826969253
2007-04-30,Q5,0.01693107249365191
2007-05-31,Q1,-0.009681844338878632
2007-05-31,Q2,-0.010108204048621392
2007-05-31,Q3,0.01668147132257752
2007-05-31,Q4,-0.0011721314312643793
2007-05-31,Q5,0.004607796169178856
2007-06-30,Q1,0.016060154238104602
2007-06-30,Q2,0.0175794237984494
2007-06-30,Q3,-0.0146724829290644
2007-06-30,Q4,-0.00849545591981389
2007-06-30,Q5,-0.01075933493138285
2007-07-31,Q1,0.034674090401953815
2007-07-31,Q2,-0.007471081216384844
2007-07-31,Q3,-0.021777778174693035
2007-07-31,Q4,-0.015357473147649651
2007-07-31,Q5,0.009496686573279732
2007-08-31,Q1,-0.05179105534820927
2007-08-31,Q2,0.036258284177246886
2007-08-31,Q3,0.015373302478362315
2007-08-31,Q4,0.0014097645469887564
2007-08-31,Q5,-0.00019333554115987369
2007-09-30,Q1,0.003149714875945577
2007-09-30,Q2,0.009823973041016005
2007-09-30,Q3,-0.006711304717331265
2007-09-30,Q4,-0.013322290974731745
2007-09-30,Q5,0.006851548129161868
2007-10-31,Q1,0.014955978209241067
2007-10-31,Q2,-0.012318765873480375
2007-10-31,Q3,-0.017912736735366776
2007-10-31,Q4,-0.0021453304503193734
2007-10-31,Q5,0.01742085484992559
2007-11-30,Q1,-0.02121383653658526
2007-11-30,Q2,-0.009041501388703736
2007-11-30,Q3,0.006198961107147033
2007-11-30,Q4,0.009791242574006572
2007-11-30,Q5,0.014406944495001519
2007-12-31,Q1,0.010525091729613537
2007-12-31,Q2,-0.013100909879863815
2007-12-31,Q3,0.014500795999180168
2007-12-31,Q4,-0.0018674893462843761
2007-12-31,Q5,-0.010067230236540561
2008-01-31,Q1,0.01215410381556703
2008-01-31,Q2,-0.025762078189949893
2008-01-31,Q3,0.013186765432890511
2008-01-31,Q4,-0.002613002633857154
2008-01-31,Q5,0.0027756136218266133
2008-02-29,Q1,-0.01305554061088817
2008-02-29,Q2,-0.0148412577873206
2008-02-29,Q3,0.010128064704122596
2008-02-29,Q4,0.007640629380447563
2008-02-29,Q5,0.010189092569831215
2008-03-31,Q1,-0.03272346394569585
2008-03-31,Q2,0.009612699406545801
2008-03-31,Q3,0.029262813303891702
2008-03-31,Q4,-0.006208882640381024
2008-03-31,Q5,0.0006794469246583157
2008-04-30,Q1,0.019461042518090305
2008-04-30,Q2,-0.017281326679557698
2008-04-30,Q3,-0.035193672744018946
2008-04-30,Q4,0.013293918786642092
2008-04-30,Q5,0.019720038118844388
2008-05-31,Q1,-0.0022923630845973204
2008-05-31,Q2,-0.013020728482122755
2008-05-31,Q3,0.02264668477367379
2008-05-31,Q4,0.005607811124555153
2008-05-31,Q5,-0.012941404331508727
2008-06-30,Q1,0.047091319415676645
2008-06-30,Q2,-0.03863272998537985
2008-06-30,Q3,-0.02766954561221105
2008-06-30,Q4,-0.004441314758811013
2008-06-30,Q5,0.022147088167184564
2008-07-31,Q1,-0.029243488092444727
2008-07-31,Q2,0.07236985120443142
2008-07-31,Q3,0.010225797629588095
2008-07-31,Q4,-0.0045978563108125745
2008-07-31,Q5,-0.04728100019394423
2008-08-31,Q1,-0.003807785048458713
2008-08-31,Q2,0.0007998635534916159
2008-08-31,Q3,0.01582010516491021
2008-08-31,Q4,0.008606427512222355
2008-08-31,Q5,-0.020870211264108283
2008-09-30,Q1,-0.016634355928967587
2008-09-30,Q2,0.006449431747800096
2008-09-30,Q3,0.015099399881285116
2008-09-30,Q4,0.004249916842797699
2008-09-30,Q5,-0.008828850323331376
2008-10-31,Q1,-0.006177821250973404
2008-10-31,Q2,-0.02726512286537546
2008-10-31,Q3,-0.0010157850697670018
2008-10-31,Q4,0.006054903730353158
2008-10-31,Q5,0.028378430829018385
2008-11-30,Q1,-0.03771552927627934
2008-11-30,Q2,0.006221773197562644
2008-11-30,Q3,-0.01217868628944159
2008-11-30,Q4,0.013199387152759517
2008-11-30,Q5,0.03146556914372173
2008-12-31,Q1,0.058933889367984965
2008-12-31,Q2,-0.01363934484540224
2008-12-31,Q3,0.009566644323976711
2008-12-31,Q4,-0.01687646936760348
2008-12-31,Q5,-0.03876717625364826
2009-01-31,Q1,0.0018717042546164036
2009-01-31,Q2,0.001342685502101838
2009-01-31,Q3,-0.0221311303671295
2009-01-31,Q4,0.0029471884111340455
2009-01-31,Q5,0.015500045450490359
2009-02-28,Q1,-0.02738669122919402
2009-02-28,Q2,0.017735621703797434
2009-02-28,Q3,0.009171350034197194
2009-02-28,Q4,-0.00022331651136043453
2009-02-28,Q5,0.0014855128948223619
2009-03-31,Q1,-0.0061304349824349205
2009-03-31,Q2,-0.0020989097611492993
2009-03-31,Q3,0.0031401188657439218
2009-03-31,Q4,0.0013777866084533194
2009-03-31,Q5,0.0036919494544495044
2009-04-30,Q1,-0.057104558878856154
2009-04-30,Q2,0.02465345151759062
2009-04-30,Q3,0.024554247916869498
2009-04-30,Q4,0.02475394255985248
2009-04-30,Q5,-0.015590226857060276
2009-05-31,Q1,0.04161633747627376
2009-05-31,Q2,-0.028050237097902053
2009-05-31,Q3,-0.0039857302155109475
2009-05-31,Q4,-0.011236741983016937
2009-05-31,Q5,0.001556728564768595
2009-06-30,Q1,0.023962546616569855
2009-06-30,Q2,-0.007172823409777327
2009-06-30,Q3,-0.008936479513926837
2009-06-30,Q4,-0.015722845489510445
2009-06-30,Q5,0.007297210074162705
2009-07-31,Q1,-0.015648238012053877
2009-07-31,Q2,-0.014780433982457753
2009-07-31,Q3,0.008287139975202112
2009-07-31,Q4,0.01864213260481142
2009-07-31,Q5,0.0037015247797471
2009-08-31,Q1,-0.011519142416082536
2009-08-31,Q2,-0.001813861749463238
2009-08-31,Q3,0.026056285236951433
2009-08-31,Q4,0.008508463222820568
2009-08-31,Q5,-0.02095078960115083
2009-09-30,Q1,-0.013271240036418573
2009-09-30,Q2,-0.0005731934589799956
2009-09-30,Q3,0.011977145905923376
2009-09-30,Q4,0.013730203515996258
2009-09-30,Q5,-0.011539227145144788
2009-10-31,Q1,-0.012886598731823753
2009-10-31,Q2,-0.007173905508487257
2009-10-31,Q3,-0.008073866435994592
2009-10-31,Q4,0.010614013448446081
2009-10-31,Q5,0.01760635992635833
2009-11-30,Q1,-0.028516672884615325
2009-11-30,Q2,-0.015750826655982868
2009-11-30,Q3,-0.00356447505948464
2009-11-30,Q4,0.02194139147588526
2009-11-30,Q5,0.025801471247710612
2009-12-31,Q1,0.030207927082052374
2009-12-31,Q2,0.016259618710856176
2009-12-31,Q3,0.001201146213100649
2009-12-31,Q4,-0.022950524813797283
2009-12-31,Q5,-0.02547336536926307
2010-01-31,Q1,0.028647223607804577
2010-01-31,Q2,-0.013031825605024083
2010-01-31,Q3,0.010610781002745035
2010-01-31,Q4,-0.014615484275030542
2010-01-31,Q5,-0.012285019361715926
2010-02-28,Q1,0.002077961740440154
2010-02-28,Q2,-0.01264373510389607
2010-02-28,Q3,0.003238448135461802
2010-02-28,Q4,0.01328536768434348
2010-02-28,Q5,-0.005958042456349148
2010-03-31,Q1,0.002482824460675666
2010-03-31,Q2,0.0027579122974777915
2010-03-31,Q3,-0.002985667002355456
2010-03-31,Q4,0.01837222672231645
2010-03-31,Q5,-0.020700117624513164
2010-04-30,Q1,0.0035660277468061094
2010-04-30,Q2,0.005711904356368575
2010-04-30,Q3,0.013185391636662828
2010-04-30,Q4,0.006508351922183573
2010-04-30,Q5,-0.02897167566202084
2010-05-31,Q1,0.010856585607142815
2010-05-31,Q2,0.0008914178809523429
2010-05-31,Q3,0.003950489607244563
2010-05-31,Q4,-0.005301999926587348
2010-05-31,Q5,-0.01029773092857147
2010-06-30,Q1,0.02663669868507556
2010-06-30,Q2,0.0049732798871356156
2010-06-30,Q3,-0.015371381812560675
2010-06-30,Q4,-0.0073447708251150965
2010-06-30,Q5,-0.008893825934535585
2010-07-31,Q1,0.029142751922660713
2010-07-31,Q2,-0.006345886631886599
2010-07-31,Q3,-0.012024977657481385
2010-07-31,Q4,-0.013271569927650656
2010-07-31,Q5,0.0020092458803696706
2010-08-31,Q1,0.0007104886828449037
2010-08-31,Q2,-0.006249531536172186
2010-08-31,Q3,-0.0007624049755799867
2010-08-31,Q4,-0.0010562504845848613
2010-08-31,Q5,0.007357698313492067
2010-09-30,Q1,-0.0199291560504129
2010-09-30,Q2,0.013714344984238227
2010-09-30,Q3,0.013303731921841552
2010-09-30,Q4,-0.001057904792074802
2010-09-30,Q5,-0.00603101606359193
2010-10-31,Q1,0.007770539478321301
2010-10-31,Q2,0.014530995341586568
2010-10-31,Q3,-0.011407189457601169
2010-10-31,Q4,-0.001751295838393585
2010-10-31,Q5,-0.009319652693874697
2010-11-30,Q1,-0.009717860708496394
2010-11-30,Q2,0.012922055180506684
2010-11-30,Q3,0.0031869644828538095
2010-11-30,Q4,0.011782194261571583
2010-11-30,Q5,-0.018105545461481208
2010-12-31,Q1,-0.002291648857397453
2010-12-31,Q2,0.0322832575939467
2010-12-31,Q3,-0.011952184457116145
2010-12-31,Q4,-0.009103261390010511
2010-12-31,Q5,-0.008889394545393886
2011-01-31,Q1,0.00785458081887028
2011-01-31,Q2,-0.013575151734334745
2011-01-31,Q3,0.004359868301162242
2011-01-31,Q4,-0.0030645780289166326
2011-01-31,Q5,0.004184499045923064
2011-02-28,Q1,0.000865321048801618
2011-02-28,Q2,-0.0011564120198976067
2011-02-28,Q3,0.00202604629272589
2011-02-28,Q4,0.010453801357056933
2011-02-28,Q5,-0.012013334238362785
2011-03-31,Q1,0.007137061914325698
2011-03-31,Q2,-0.008099185149516137
2011-03-31,Q3,0.014245097040109594
2011-03-31,Q4,-0.0003756139508827394
2011-03-31,Q5,-0.012800502484782336
2011-04-30,Q1,-0.013009576864164497
2011-04-30,Q2,-0.009372508272280526
2011-04-30,Q3,-0.0032010589518208445
2011-04-30,Q4,0.020886982170152807
2011-04-30,Q5,0.004937080008190327
2011-05-31,Q1,0.0005305412474597228
2011-05-31,Q2,-0.0014430886851803887
2011-05-31,Q3,-0.00051526247477291
2011-05-31,Q4,-0.0054019978353210645
2011-05-31,Q5,0.006707574059948586
2011-06-30,Q1,-0.0060219380365889846
2011-06-30,Q2,0.004631174010555259
2011-06-30,Q3,0.008900110250324224
2011-06-30,Q4,-0.005193092952254998
2011-06-30,Q5,-0.0021699692139895916
2011-07-31,Q1,0.01632380790228
2011-07-31,Q2,0.017900224788598238
2011-07-31,Q3,-0.019597126287880958
2011-07-31,Q4,-0.011442529178315682
2011-07-31,Q5,-0.003399777727593181
2011-08-31,Q1,-0.009815517648689579
2011-08-31,Q2,-0.035190581627198826
2011-08-31,Q3,-0.006906415095326256
2011-08-31,Q4,0.018256203645966494
2011-08-31,Q5,0.03337407109222745
2011-09-30,Q1,0.018648747923857314
2011-09-30,Q2,-0.022079441590978705
2011-09-30,Q3,-0.03077775833457442
2011-09-30,Q4,0.006104758865098654
2011-09-30,Q5,0.027787612663311215
2011-10-31,Q1,-0.03385877727942565
2011-10-31,Q2,0.017594054272935117
2011-10-31,Q3,0.012750894578465097
2011-10-31,Q4,0.011076282321591017
2011-10-31,Q5,-0.007353422834902011
2011-11-30,Q1,0.002438205242672645
2011-11-30,Q2,-0.00831919830804711
2011-11-30,Q3,0.0018533528166465427
2011-11-30,Q4,0.005932588817295419
2011-11-30,Q5,-0.0019449191463162827
2011-12-31,Q1,0.00807929799556708
2011-12-31,Q2,0.01953725604325133
2011-12-31,Q3,-0.005387708558556113
2011-12-31,Q4,-0.008475617991884612
2011-12-31,Q5,-0.013838746671846631
2012-01-31,Q1,0.0011621086130752752
2012-01-31,Q2,-0.00141742390175951
2012-01-31,Q3,0.01618319025815344
2012-01-31,Q4,0.006767628938645811
2012-01-31,Q5,-0.02236422090357577
2012-02-29,Q1,0.002085284650092121
2012-02-29,Q2,-0.03046827001986551
2012-02-29,Q3,0.011590299240206818
2012-02-29,Q4,0.008663294864167285
2012-02-29,Q5,0.007808729866051093
2012-03-31,Q1,0.00926533101466115
2012-03-31,Q2,-0.01614111037871451
2012-03-31,Q3,0.03209717937720065
2012-03-31,Q4,-0.008636370863527438
2012-03-31,Q5,-0.016132956200645004
2012-04-30,Q1,-0.008178099052239278
2012-04-30,Q2,0.00794909611481943
2012-04-30,Q3,0.007662168838957813
2012-04-30,Q4,-0.005813957460625174
2012-04-30,Q5,-0.00161920844091267
2012-05-31,Q1,0.026911543073211627
2012-05-31,Q2,-0.002618423650064244
2012-05-31,Q3,-0.022611003374200522
2012-05-31,Q4,-0.009423473543823028
2012-05-31,Q5,0.007372706219900407
2012-06-30,Q1,0.003620469364645553
2012-06-30,Q2,0.04497130427008208
2012-06-30,Q3,-0.006339073082217893
2012-06-30,Q4,-0.033251588903424674
2012-06-30,Q5,-0.008842737117103015
2012-07-31,Q1,0.0038089676897371315
2012-07-31,Q2,-0.008060910057194285
2012-07-31,Q3,-0.016916602282951006
2012-07-31,Q4,0.011302980002409842
2012-07-31,Q5,0.009865564647998192
2012-08-31,Q1,-0.016623364028707833
2012-08-31,Q2,0.019568259449306354
2012-08-31,Q3,-0.005196678710991385
2012-08-31,Q4,0.009253897999679147
2012-08-31,Q5,-0.006699223956235069
2012-09-30,Q1,-0.015465639710729208
2012-09-30,Q2,0.00917757498743941
2012-09-30,Q3,0.016989061885732865
2012-09-30,Q4,-0.0019422521585532558
2012-09-30,Q5,-0.008560467571700718
2012-10-31,Q1,0.0016381742310601379
2012-10-31,Q2,-0.018807520588034043
2012-10-31,Q3,-0.00611201831157408
2012-10-31,Q4,0.0075808426011782495
2012-10-31,Q5,0.015700522067369552
2012-11-30,Q1,-0.007642820728116069
2012-11-30,Q2,-0.016914173819492347
2012-11-30,Q3,0.00898718500994428
2012-11-30,Q4,0.0038839618437943083
2012-11-30,Q5,0.01168584769386998
2012-12-31,Q1,0.00419548496039473
2012-12-31,Q2,-0.002332803630490976
2012-12-31,Q3,0.01128715164088695
2012-12-31,Q4,-0.0016172097380538922
2012-12-31,Q5,-0.01139497504199408
