industry,year,beta_mean,beta_std,N,window
"Agriculture, Forestry & Fishing",1996,0.612644268415145,1.0459207526285275,6,12m
"Agriculture, Forestry & Fishing",1997,1.0077352444336727,1.0139567287809577,9,12m
"Agriculture, Forestry & Fishing",1998,-0.293690479660799,2.630323762982562,9,12m
"Agriculture, Forestry & Fishing",1999,0.5754848980705507,0.6101882150603266,10,12m
"Agriculture, Forestry & Fishing",2000,-0.029826226884291835,1.2037369117267582,10,12m
"Agriculture, Forestry & Fishing",2001,0.5607566621358062,0.9742953794892202,10,12m
"Agriculture, Forestry & Fishing",2002,0.24156377618223657,0.5968846672542393,8,12m
"Agriculture, Forestry & Fishing",2003,0.2681488652923127,1.1836375282680418,9,12m
"Agriculture, Forestry & Fishing",2004,1.3933706062076106,1.7448658448346852,8,12m
"Agriculture, Forestry & Fishing",2005,0.6929208797404541,0.985203921007827,8,12m
"Agriculture, Forestry & Fishing",2006,0.4931376737174742,1.4511770179027053,10,12m
"Agriculture, Forestry & Fishing",2007,0.5175724421634316,1.100585579436546,7,12m
"Agriculture, Forestry & Fishing",2008,1.1798025589964882,0.655320905302689,7,12m
"Agriculture, Forestry & Fishing",2009,1.6353349232107957,1.320095430766857,10,12m
"Agriculture, Forestry & Fishing",2010,0.867673459197308,1.0093305884308321,10,12m
"Agriculture, Forestry & Fishing",2011,1.3371401403014453,0.9423775869490465,10,12m
"Agriculture, Forestry & Fishing",2012,1.1951074858532056,0.5507157333201124,7,12m
"Agriculture, Forestry & Fishing",2013,1.7581774498038951,0.8436977875877086,6,12m
"Agriculture, Forestry & Fishing",2014,1.5005155276951914,1.4021558362083228,7,12m
"Agriculture, Forestry & Fishing",2015,0.6418694544130205,1.3072541033783447,9,12m
"Agriculture, Forestry & Fishing",2016,1.2503640311977056,1.3518842790851842,10,12m
"Agriculture, Forestry & Fishing",2017,0.8384371426067556,1.9608044179253885,8,12m
"Agriculture, Forestry & Fishing",2018,0.6459542435448914,0.4659212965910176,7,12m
"Agriculture, Forestry & Fishing",2019,0.9626188605538043,1.0243634532304904,9,12m
"Agriculture, Forestry & Fishing",2020,1.012325616376558,1.4768840358036641,10,12m
"Agriculture, Forestry & Fishing",2021,1.419015365036249,1.283164894050096,9,12m
"Agriculture, Forestry & Fishing",2022,0.9767760416204005,0.7335694192927652,9,12m
"Agriculture, Forestry & Fishing",2023,1.344627577095076,0.6743986893595417,9,12m
Construction,1996,0.18665036965246976,1.7598866299221643,7,12m
Construction,1997,0.6941759272379318,1.4430576893282503,8,12m
Construction,1998,1.0359867509967844,0.6991777878258562,10,12m
Construction,1999,-0.12045409291599382,3.073740201308359,9,12m
Construction,2000,1.011446957957703,1.75906321812967,10,12m
Construction,2001,1.6028210163337269,1.8914482874890983,9,12m
Construction,2002,0.8959163564044136,0.8803918103629775,10,12m
Construction,2003,1.7466636234435053,0.9879318673547389,10,12m
Construction,2004,1.4939679186959154,1.3187332605469801,9,12m
Construction,2005,2.125487499177253,1.1212558442341267,10,12m
Construction,2006,1.670177695760691,1.3644058946875979,10,12m
Construction,2007,1.7013848741234714,1.349542156928301,10,12m
Construction,2008,0.5068345884390918,2.2326369426974546,10,12m
Construction,2009,2.08207186545856,1.1270927467372354,10,12m
Construction,2010,1.3334444176079046,0.815078669303604,10,12m
Construction,2011,1.3121564203989693,1.295561186681667,10,12m
Construction,2012,1.4946338241947064,1.3972204093173057,10,12m
Construction,2013,1.69593411977413,0.9180210006387624,10,12m
Construction,2014,1.762489303739774,1.4748280981223494,10,12m
Construction,2015,0.7631787217150514,1.1213194395599126,10,12m
Construction,2016,2.676786052725772,1.3160177917150293,10,12m
Construction,2017,1.8738922595052778,1.9568937358486034,10,12m
Construction,2018,0.8724324069435209,0.489118038639804,10,12m
Construction,2019,0.6806520359714148,1.975331619255228,9,12m
Construction,2020,1.797679241125949,0.9332495063928875,9,12m
Construction,2021,1.0282553572264297,1.209632870112137,10,12m
Construction,2022,1.0890120351702854,0.3110906450509958,10,12m
Construction,2023,1.5039995517966376,1.489102887554104,10,12m
"Finance, Insurance & Real Estate",1996,0.7071085293885679,1.0586414700634752,9,12m
"Finance, Insurance & Real Estate",1997,-0.014690757406375229,0.8260872733856038,9,12m
"Finance, Insurance & Real Estate",1998,0.45879933405813594,0.4465222132662383,10,12m
"Finance, Insurance & Real Estate",1999,0.3458884870853315,0.564950523683711,10,12m
"Finance, Insurance & Real Estate",2000,-0.16908749103688317,0.6214301121488348,10,12m
"Finance, Insurance & Real Estate",2001,0.22723435669958078,0.5765913207719647,10,12m
"Finance, Insurance & Real Estate",2002,0.9336738186189921,1.356195217115126,9,12m
"Finance, Insurance & Real Estate",2003,0.4944799078479921,0.719409727635939,10,12m
"Finance, Insurance & Real Estate",2004,0.8241022911150152,1.5930359714710511,9,12m
"Finance, Insurance & Real Estate",2005,0.9227033210789228,1.0300718099453008,10,12m
"Finance, Insurance & Real Estate",2006,0.2562832487408586,0.648175248244495,9,12m
"Finance, Insurance & Real Estate",2007,0.8314273029541994,1.1065796054519923,10,12m
"Finance, Insurance & Real Estate",2008,0.5872625203973867,0.8695375253299601,10,12m
"Finance, Insurance & Real Estate",2009,1.5080194763481405,0.9054981140780596,10,12m
"Finance, Insurance & Real Estate",2010,0.9669076362961716,1.0839172889532516,10,12m
"Finance, Insurance & Real Estate",2011,1.3809731036627038,1.1294230510628787,10,12m
"Finance, Insurance & Real Estate",2012,0.9620303053830641,1.0874132456757155,10,12m
"Finance, Insurance & Real Estate",2013,1.3560846643835598,1.0128125218148585,10,12m
"Finance, Insurance & Real Estate",2014,1.1601936938409732,0.757845836600505,10,12m
"Finance, Insurance & Real Estate",2015,0.9140956615763187,1.2863171001645284,10,12m
"Finance, Insurance & Real Estate",2016,1.378629709557632,1.1686149363463214,10,12m
"Finance, Insurance & Real Estate",2017,0.9899992043052956,1.5732770422516635,10,12m
"Finance, Insurance & Real Estate",2018,1.0116432983365022,0.3756320265985455,10,12m
"Finance, Insurance & Real Estate",2019,1.651846738226658,1.1862843328601163,10,12m
"Finance, Insurance & Real Estate",2020,1.1501385227275667,0.6195616692502057,10,12m
"Finance, Insurance & Real Estate",2021,0.6962573862074757,0.6188036468251406,10,12m
"Finance, Insurance & Real Estate",2022,0.5862575333382523,0.452237856625014,10,12m
"Finance, Insurance & Real Estate",2023,1.4094704540006027,0.7703409628150346,10,12m
Manufacturing,1996,1.284723616817869,0.9893464977608077,9,12m
Manufacturing,1997,1.498448248018701,1.3686254268697369,10,12m
Manufacturing,1998,1.389569385873442,1.0322227554355936,9,12m
Manufacturing,1999,0.7662531176129144,0.7609564558428,10,12m
Manufacturing,2000,0.9351672969852414,1.99723526787503,8,12m
Manufacturing,2001,1.821853103035747,1.7745349920327473,8,12m
Manufacturing,2002,1.399429854934001,1.1592480799421112,10,12m
Manufacturing,2003,1.433167782239007,5.715002589933342,10,12m
Manufacturing,2004,1.268569771044936,1.2237695141913516,8,12m
Manufacturing,2005,1.4563747606506183,0.8681475462826266,8,12m
Manufacturing,2006,1.6316768055159772,2.232430686985293,9,12m
Manufacturing,2007,1.6270155007668303,2.535227522437476,10,12m
Manufacturing,2008,1.541863237026206,0.8496599785838959,10,12m
Manufacturing,2009,1.6050151705612943,1.7271191775781054,10,12m
Manufacturing,2010,1.4228595240432744,0.46709518392157934,9,12m
Manufacturing,2011,1.9879983638284116,1.3112988144753361,10,12m
Manufacturing,2012,1.2122687033383068,1.396662964911019,10,12m
Manufacturing,2013,0.8219341053414375,1.0749571849624615,8,12m
Manufacturing,2014,1.0778035832116637,1.244785521901685,9,12m
Manufacturing,2015,1.0276171551069497,0.49001484301081893,10,12m
Manufacturing,2016,1.7733234858364308,1.0386557717619984,10,12m
Manufacturing,2017,3.695367171315288,4.678759912770261,10,12m
Manufacturing,2018,1.4471393460709576,0.8511000566514203,10,12m
Manufacturing,2019,1.4806116905595552,0.6534579156800506,10,12m
Manufacturing,2020,1.926617607907787,1.5803974163774612,10,12m
Manufacturing,2021,-0.2239093353425245,2.2756191963315797,10,12m
Manufacturing,2022,1.1070699393751648,1.0209750369861834,10,12m
Manufacturing,2023,0.9384752727192979,0.8980880515114232,10,12m
Mining,1996,0.26273762138495727,1.3705798229248018,9,12m
Mining,1997,0.9171912881623715,1.0145079677492457,8,12m
Mining,1998,1.0264190123580852,0.8424051351894867,9,12m
Mining,1999,0.055443930580096355,0.8688430233659259,9,12m
Mining,2000,1.2574863609494804,0.9287812867264611,10,12m
Mining,2001,0.24098456694810166,0.6936978960268947,10,12m
Mining,2002,0.9897443759456112,1.3098931022421711,10,12m
Mining,2003,0.7776438512684763,0.6111901337471596,9,12m
Mining,2004,0.17710692715070162,1.435018967598371,10,12m
Mining,2005,0.8233209706262902,2.20525880541572,9,12m
Mining,2006,3.9616805186860833,1.2503020560985114,9,12m
Mining,2007,1.6495257708285078,0.8790217528782485,10,12m
Mining,2008,0.9925307674230821,1.1987770960464308,10,12m
Mining,2009,1.4395384290118252,1.7027099252950668,10,12m
Mining,2010,1.773498056593606,0.6432283623508367,9,12m
Mining,2011,1.9645431312724506,0.9896351934209019,9,12m
Mining,2012,2.469556201905919,1.0998319495912132,10,12m
Mining,2013,1.7350476281225198,2.671782721722103,10,12m
Mining,2014,1.6362286540060371,1.1941441988187254,10,12m
Mining,2015,1.4703743097638915,1.6668736368772292,10,12m
Mining,2016,3.836599081489129,3.720834906888345,10,12m
Mining,2017,0.7428793490501635,4.38735694931865,9,12m
Mining,2018,1.4012797525703136,1.625973511774978,10,12m
Mining,2019,2.0126727883487807,1.1870164779278902,10,12m
Mining,2020,3.029184450868567,1.4737018034463023,10,12m
Mining,2021,-0.049240598796580756,2.119233406248764,10,12m
Mining,2022,1.5168820793238074,0.8494151241351635,10,12m
Mining,2023,0.9861344726534578,1.2891208354696329,10,12m
Public Administration,1996,0.9297764971176976,1.624532609416904,6,12m
Public Administration,1997,0.34694719945319624,0.8060618747189772,10,12m
Public Administration,1998,0.8393614829537082,0.8907226152314938,10,12m
Public Administration,1999,0.6555445015344089,0.559066825887311,3,12m
Public Administration,2000,1.4012211833421722,1.3831441629088133,2,12m
Public Administration,2001,0.620133346716987,,1,12m
Public Administration,2002,0.40808785096723865,,1,12m
Public Administration,2003,0.8733346735969556,,1,12m
Public Administration,2004,0.1416856973544228,,1,12m
Public Administration,2005,0.717171416671476,0.37904361667427783,2,12m
Public Administration,2006,1.3606894912118577,2.2734828744769833,3,12m
Public Administration,2007,0.8008098173471286,1.1383734569443698,6,12m
Public Administration,2008,0.05959369467110187,2.804962152884819,2,12m
Public Administration,2009,0.7227985429486294,1.1009784854503533,7,12m
Public Administration,2010,0.8075519038983201,1.4282497123804991,8,12m
Public Administration,2011,0.9892053069495026,0.660593226883131,10,12m
Public Administration,2012,1.3538974526709533,1.3916813511917954,8,12m
Public Administration,2013,-1.2162016285232282,1.3019043707735802,7,12m
Public Administration,2014,1.588126117560781,1.8889458464555107,7,12m
Public Administration,2015,1.7466387952304243,1.8900568932350155,9,12m
Public Administration,2016,2.327304288340834,1.8243495861838992,10,12m
Public Administration,2017,0.008938183993051586,5.5360261571726515,9,12m
Public Administration,2018,1.598472336205972,1.4538587736644868,7,12m
Public Administration,2019,1.206923006973415,1.023185515252757,10,12m
Public Administration,2020,1.3104890829947504,0.6488173800984117,7,12m
Public Administration,2021,-0.14794384369182192,1.345499851216918,9,12m
Public Administration,2022,0.3456569321585584,1.0879488861155304,10,12m
Public Administration,2023,1.5899119881248387,1.8507751327175288,9,12m
Retail Trade,1996,0.7132228482150598,1.8149603940928514,8,12m
Retail Trade,1997,0.7750264590249955,1.0040881703571087,10,12m
Retail Trade,1998,0.788953755038281,0.5381569291299886,10,12m
Retail Trade,1999,0.23622870362415269,0.7044922053028705,9,12m
Retail Trade,2000,0.48526612448648404,1.3073139597107062,9,12m
Retail Trade,2001,0.9232295690839484,0.7370828399888245,9,12m
Retail Trade,2002,1.0655888728047525,1.3260485393501398,10,12m
Retail Trade,2003,1.709610951454957,1.7174194804227663,8,12m
Retail Trade,2004,1.3503869430596234,1.1943864680036573,9,12m
Retail Trade,2005,2.036542198005468,2.295927557627246,10,12m
Retail Trade,2006,1.6877080545268122,1.9663996983046126,10,12m
Retail Trade,2007,0.48692263761174226,0.507310470610072,10,12m
Retail Trade,2008,0.8695814725287404,0.8424072814384892,10,12m
Retail Trade,2009,1.606112827675641,2.113627309003394,9,12m
Retail Trade,2010,1.2338154566646937,0.771133628067987,10,12m
Retail Trade,2011,1.514918494611223,1.0296363750359963,9,12m
Retail Trade,2012,1.2855112934561395,1.2870177352430212,10,12m
Retail Trade,2013,1.1468447591760857,0.9526322041275072,10,12m
Retail Trade,2014,1.6657462685581046,1.1582724947592093,8,12m
Retail Trade,2015,0.35630153930392783,1.1349920324315954,10,12m
Retail Trade,2016,1.4247280406422513,1.5075341953530166,10,12m
Retail Trade,2017,2.203313321148027,4.905011473537985,10,12m
Retail Trade,2018,0.90211234512462,1.003974699735177,10,12m
Retail Trade,2019,0.7923949849832945,1.1304269897552373,10,12m
Retail Trade,2020,2.093735422135583,1.0016133706355448,10,12m
Retail Trade,2021,0.8151588759634019,0.8194257024189028,10,12m
Retail Trade,2022,0.7220652779258464,0.4597506694892128,10,12m
Retail Trade,2023,1.796436711911103,1.1423184324881168,10,12m
Services,1996,1.6956807946203456,1.466841980656619,9,12m
Services,1997,1.8082462391933103,1.5166173495753237,9,12m
Services,1998,1.2030988400099283,0.5559302855650219,9,12m
Services,1999,2.18813418505999,4.786111671075029,8,12m
Services,2000,1.5898447798748867,1.2419702035487914,9,12m
Services,2001,1.7491614459517866,1.9129036154808459,9,12m
Services,2002,1.0452322248169688,0.8075554110870029,10,12m
Services,2003,2.1722181822117577,2.1694594860502954,8,12m
Services,2004,2.104431388390866,1.8783876909198713,9,12m
Services,2005,2.2089044094859656,1.940432355969108,9,12m
Services,2006,1.1998878623881009,1.5734265014932398,8,12m
Services,2007,1.4558444876351107,1.4351954677027143,9,12m
Services,2008,1.6196999849990057,1.429900241344681,10,12m
Services,2009,1.072785652525889,1.3609241546967985,10,12m
Services,2010,1.6706493733607652,1.3945512524750492,9,12m
Services,2011,1.2644725979303986,1.0093821209227827,9,12m
Services,2012,1.474178988724843,1.111593126379046,9,12m
Services,2013,1.0159909817792794,0.6272670651963395,10,12m
Services,2014,0.15820813341064835,1.0124399785830582,10,12m
Services,2015,0.6849251789325601,1.5212695201747832,10,12m
Services,2016,0.9738327223995249,1.347447486951034,10,12m
Services,2017,1.5454709932525814,4.549780430790573,9,12m
Services,2018,0.9528583947240463,0.7784874629112881,10,12m
Services,2019,1.194521016968595,1.5564505150857053,10,12m
Services,2020,1.1767502900519848,0.6331461287306309,9,12m
Services,2021,0.8597183704252124,1.7772603938394458,7,12m
Services,2022,0.8469769546091175,0.6380085350123242,10,12m
Services,2023,1.063039407434365,1.0840174784532217,10,12m
Transportation & Utilities,1996,0.5344174310793692,0.764625170577948,9,12m
Transportation & Utilities,1997,1.0321666270339591,1.3168910232621724,8,12m
Transportation & Utilities,1998,0.8951905572619678,0.7637223502346585,9,12m
Transportation & Utilities,1999,2.2976799223399715,5.422637327865223,10,12m
Transportation & Utilities,2000,1.6669236506248093,2.3939838236100575,9,12m
Transportation & Utilities,2001,1.3934710598597573,1.124031910722843,10,12m
Transportation & Utilities,2002,1.3277025746647868,1.050908739490475,10,12m
Transportation & Utilities,2003,0.6135443826954453,0.7689047633516523,10,12m
Transportation & Utilities,2004,1.9547525100872518,2.584920265404733,7,12m
Transportation & Utilities,2005,1.625224204511992,1.693003801798841,9,12m
Transportation & Utilities,2006,0.30760465498539613,0.6277744927540755,9,12m
Transportation & Utilities,2007,1.0223472748149263,1.031018028260087,9,12m
Transportation & Utilities,2008,0.6501951560910809,1.1326683352917974,10,12m
Transportation & Utilities,2009,0.6296602948228648,0.9102917027757295,10,12m
Transportation & Utilities,2010,1.1060882559657876,0.5173552974976021,9,12m
Transportation & Utilities,2011,1.4487510100864607,0.686306951462029,10,12m
Transportation & Utilities,2012,0.6214134989107183,0.9440631180628745,10,12m
Transportation & Utilities,2013,0.5839368270773735,1.564343279776344,10,12m
Transportation & Utilities,2014,0.6837870016412043,1.08452015921327,10,12m
Transportation & Utilities,2015,0.9752594989767596,0.7932188657237269,10,12m
Transportation & Utilities,2016,1.1934086078523019,0.9542896259677134,10,12m
Transportation & Utilities,2017,1.664254358475429,5.165167098892086,10,12m
Transportation & Utilities,2018,0.8318673596040871,0.6022100390761491,10,12m
Transportation & Utilities,2019,1.0870829840995921,0.6529007967814184,9,12m
Transportation & Utilities,2020,0.9698733306583863,0.7024861036061709,10,12m
Transportation & Utilities,2021,0.5748836378502642,0.9558727640892418,10,12m
Transportation & Utilities,2022,0.7086890988554552,0.5575754250300256,10,12m
Transportation & Utilities,2023,1.3457853638119706,1.1321329906203297,10,12m
Unknown,1999,-0.3324772514650848,,1,12m
Unknown,2003,1.1043912125085267,,1,12m
Unknown,2014,1.5667040321983872,2.9644100825525848,5,12m
Unknown,2015,0.9917675185212937,1.3190204813942359,7,12m
Unknown,2016,0.5465369646250319,3.4897176961673333,4,12m
Unknown,2018,0.09029273032160662,0.17764007406869475,4,12m
Unknown,2019,0.4474419602140683,0.6479432405170042,6,12m
Unknown,2020,1.1341188644482971,0.612143755318489,8,12m
Unknown,2021,-0.6743902198486104,1.3257993908939074,9,12m
Unknown,2022,0.3264311522358978,0.8097730267335221,9,12m
Unknown,2023,0.9157215657264253,1.5203693881909777,10,12m
Wholesale Trade,1996,1.3383691764715213,1.7964219701508082,10,12m
Wholesale Trade,1997,1.0414945211311615,0.793307947693414,10,12m
Wholesale Trade,1998,2.575637891688809,3.6275535006554605,9,12m
Wholesale Trade,1999,1.336956670379331,1.0360553745107364,10,12m
Wholesale Trade,2000,1.1084731909624481,1.3523891371711325,9,12m
Wholesale Trade,2001,1.2573909085932187,0.5890422088636614,9,12m
Wholesale Trade,2002,0.6840697505027353,0.9210558564231079,10,12m
Wholesale Trade,2003,0.8318425022425747,1.0964806591127674,9,12m
Wholesale Trade,2004,1.8745141066989266,1.785559995758148,10,12m
Wholesale Trade,2005,1.6449266073898898,1.195458588719604,10,12m
Wholesale Trade,2006,1.7823065718241293,2.3264040217717348,7,12m
Wholesale Trade,2007,2.2061575481641773,0.8552262298324167,9,12m
Wholesale Trade,2008,1.0560209018571936,0.7775382185977079,10,12m
Wholesale Trade,2009,1.4462373227155794,1.8645810037740076,10,12m
Wholesale Trade,2010,0.5882533686524004,0.8686567682463855,10,12m
Wholesale Trade,2011,1.3944657354030552,0.8142277992428142,10,12m
Wholesale Trade,2012,0.6878236664452408,1.1148818804367484,10,12m
Wholesale Trade,2013,1.2132000819068531,1.0621110260994653,10,12m
Wholesale Trade,2014,0.9988843928392355,1.9512815543674822,8,12m
Wholesale Trade,2015,1.5788661208893224,1.5766929843785245,10,12m
Wholesale Trade,2016,2.6811232434894787,2.0460442142635147,10,12m
Wholesale Trade,2017,1.8954213857823177,1.621236369460109,10,12m
Wholesale Trade,2018,0.6134146776521193,0.9321448867764726,10,12m
Wholesale Trade,2019,0.9145318147416205,1.2043715228418819,10,12m
Wholesale Trade,2020,1.150688531647949,0.5672799815643755,10,12m
Wholesale Trade,2021,0.8782310053204956,0.7923628138787544,10,12m
Wholesale Trade,2022,1.31585819502398,0.7726009630156623,10,12m
Wholesale Trade,2023,1.3438889677158032,0.7171449758874038,10,12m
"Agriculture, Forestry & Fishing",1996,0.612644268415145,1.0459207526285275,6,24m
"Agriculture, Forestry & Fishing",1997,1.1897072290598534,1.1046372659045396,9,24m
"Agriculture, Forestry & Fishing",1998,-0.4557608910948225,2.2833514194039473,8,24m
"Agriculture, Forestry & Fishing",1999,0.7774803980638194,0.33157995151672054,9,24m
"Agriculture, Forestry & Fishing",2000,-0.009989776924681004,0.7614471948516425,10,24m
"Agriculture, Forestry & Fishing",2001,0.43404959888837424,0.6920141840198296,10,24m
"Agriculture, Forestry & Fishing",2002,0.28386021310796805,0.45418500169259507,8,24m
"Agriculture, Forestry & Fishing",2003,0.28211409685368144,0.7342756904779502,10,24m
"Agriculture, Forestry & Fishing",2004,1.1836402449253467,1.2623873210433973,8,24m
"Agriculture, Forestry & Fishing",2005,0.9401337104434828,1.1424555376094312,8,24m
"Agriculture, Forestry & Fishing",2006,0.2737024211333516,1.1137947609737182,9,24m
"Agriculture, Forestry & Fishing",2007,0.4965450099984974,0.6024782906082577,7,24m
"Agriculture, Forestry & Fishing",2008,1.1709125737621513,0.673628135448373,7,24m
"Agriculture, Forestry & Fishing",2009,1.3290436291847436,1.0286314981645164,10,24m
"Agriculture, Forestry & Fishing",2010,1.4161116405039749,0.9314332965778266,10,24m
"Agriculture, Forestry & Fishing",2011,1.1560978311758894,0.6546278561799308,10,24m
"Agriculture, Forestry & Fishing",2012,1.1780458641740588,0.7076621270297285,7,24m
"Agriculture, Forestry & Fishing",2013,1.313067391289458,0.3525071772515132,6,24m
"Agriculture, Forestry & Fishing",2014,1.5690881797794851,0.9596952484298243,7,24m
"Agriculture, Forestry & Fishing",2015,0.9720436828836717,1.0402350860516818,9,24m
"Agriculture, Forestry & Fishing",2016,1.187609621923118,0.9011656932922943,10,24m
"Agriculture, Forestry & Fishing",2017,1.0158786881028958,1.1723664540713317,8,24m
"Agriculture, Forestry & Fishing",2018,0.6312919824895581,0.42657071588298107,6,24m
"Agriculture, Forestry & Fishing",2019,0.7839143168672674,0.5447897732582436,9,24m
"Agriculture, Forestry & Fishing",2020,1.0080218149350035,1.315946639489595,10,24m
"Agriculture, Forestry & Fishing",2021,1.0366618004535373,1.435651382047167,9,24m
"Agriculture, Forestry & Fishing",2022,0.9179722978479086,0.6166624302647945,9,24m
"Agriculture, Forestry & Fishing",2023,1.1107652113310447,0.6593349266453968,9,24m
Construction,1996,0.6998004367307756,1.226673555978853,6,24m
Construction,1997,0.9871540537141562,0.9427406226340147,8,24m
Construction,1998,0.6657457895503578,0.6864658619619975,8,24m
Construction,1999,0.4445527590346425,1.3661695598294736,9,24m
Construction,2000,0.9373524287036233,1.591213018055657,9,24m
Construction,2001,1.2948000364272243,1.6198050439337588,10,24m
Construction,2002,0.9955293757437944,0.6926551980543848,10,24m
Construction,2003,1.110736640143332,0.4710269632855058,10,24m
Construction,2004,1.5425522086100902,1.0549803449872435,9,24m
Construction,2005,1.884170839239383,0.7375871179336465,10,24m
Construction,2006,1.7294528892134502,1.673058407334066,10,24m
Construction,2007,1.921535678580431,1.0126947963974708,10,24m
Construction,2008,0.45995821906080037,1.8742258064147272,10,24m
Construction,2009,1.660569781521276,0.5770162859673843,10,24m
Construction,2010,1.5045486414104923,1.0625550696797503,10,24m
Construction,2011,1.5259381774180487,0.6666024786567412,10,24m
Construction,2012,1.9451458846464693,1.4588276691528022,10,24m
Construction,2013,1.54362020883306,1.2214243160433433,10,24m
Construction,2014,2.0839137875272646,0.8627696290048837,10,24m
Construction,2015,1.0792817394941718,0.8462533112927337,10,24m
Construction,2016,1.5798739584098316,0.886121218024227,9,24m
Construction,2017,1.916721641418881,0.6178962477912537,10,24m
Construction,2018,1.1700150023038085,0.4504808983722495,10,24m
Construction,2019,1.26436580139909,0.5153541993889956,9,24m
Construction,2020,1.6899345219680153,0.7554601182862274,9,24m
Construction,2021,2.6729856708371247,3.490194986453661,10,24m
Construction,2022,1.0950878797009556,0.3164842398527678,10,24m
Construction,2023,1.356325938416685,0.6876468523166022,10,24m
"Finance, Insurance & Real Estate",1996,0.6765701049959649,1.1274894507501225,8,24m
"Finance, Insurance & Real Estate",1997,0.3970340120448241,0.41988114440036683,8,24m
"Finance, Insurance & Real Estate",1998,0.40921263588126144,0.43824562668411376,9,24m
"Finance, Insurance & Real Estate",1999,0.783164802134016,0.5729729263701577,9,24m
"Finance, Insurance & Real Estate",2000,-0.15257678446604256,0.32470218221634406,10,24m
"Finance, Insurance & Real Estate",2001,0.2508308341206732,0.5948795152835705,10,24m
"Finance, Insurance & Real Estate",2002,0.7605848875432042,0.7587566842171266,9,24m
"Finance, Insurance & Real Estate",2003,0.4312333427361083,0.3000777822573864,10,24m
"Finance, Insurance & Real Estate",2004,0.85787643377491,1.336009934402291,9,24m
"Finance, Insurance & Real Estate",2005,0.983242683230185,0.7312444451215128,10,24m
"Finance, Insurance & Real Estate",2006,0.7001145734820571,0.5705872252429245,9,24m
"Finance, Insurance & Real Estate",2007,0.8113739560308055,1.056499044269241,10,24m
"Finance, Insurance & Real Estate",2008,0.46025024984661406,0.6257850037306639,10,24m
"Finance, Insurance & Real Estate",2009,0.9232628924009451,0.456421905700132,10,24m
"Finance, Insurance & Real Estate",2010,1.4111518274322925,1.7717119801139294,10,24m
"Finance, Insurance & Real Estate",2011,1.3526215154754464,0.7809092319865053,10,24m
"Finance, Insurance & Real Estate",2012,1.185446577083933,0.7414601257539376,10,24m
"Finance, Insurance & Real Estate",2013,1.2233754453278587,0.6761982952223543,10,24m
"Finance, Insurance & Real Estate",2014,1.372608314641632,0.6084807679256652,10,24m
"Finance, Insurance & Real Estate",2015,0.5872784378603877,0.4927652849939998,10,24m
"Finance, Insurance & Real Estate",2016,1.0585259056028318,0.6811285138981509,10,24m
"Finance, Insurance & Real Estate",2017,1.0768082351157584,0.5929271324281459,10,24m
"Finance, Insurance & Real Estate",2018,1.003328311667775,0.3349967843445042,10,24m
"Finance, Insurance & Real Estate",2019,1.2622088628041723,0.5674441503763196,10,24m
"Finance, Insurance & Real Estate",2020,1.1787129989676641,0.617647614881225,10,24m
"Finance, Insurance & Real Estate",2021,1.1313523223811548,0.6320023131205196,10,24m
"Finance, Insurance & Real Estate",2022,0.644785617654677,0.49281382551351177,10,24m
"Finance, Insurance & Real Estate",2023,0.917709541648241,0.8267727093291959,10,24m
Manufacturing,1996,1.284723616817869,0.9893464977608077,9,24m
Manufacturing,1997,1.5139691330563132,1.1119454002791693,8,24m
Manufacturing,1998,1.2635974779682015,1.0779212843822092,9,24m
Manufacturing,1999,1.314609341682868,0.7515721771195092,10,24m
Manufacturing,2000,0.47849434744372166,1.1586022061624173,7,24m
Manufacturing,2001,1.30984987765393,1.1421311674271624,8,24m
Manufacturing,2002,1.711157437782881,1.4899337789664957,9,24m
Manufacturing,2003,2.063575472963206,2.666365565776059,10,24m
Manufacturing,2004,1.1805801933867026,1.0608952892247305,8,24m
Manufacturing,2005,1.6159158677968266,0.8594837710182074,8,24m
Manufacturing,2006,1.4923898819635564,1.2005765905921675,9,24m
Manufacturing,2007,1.3348666780209761,1.600458036209579,9,24m
Manufacturing,2008,1.3711375928978666,0.6878863719434517,10,24m
Manufacturing,2009,1.3904269783240348,1.1573791405508245,10,24m
Manufacturing,2010,1.922151513796403,0.9442525348999009,10,24m
Manufacturing,2011,1.590107391757611,0.6844384375882661,9,24m
Manufacturing,2012,1.4378036035369965,1.225140769714224,10,24m
Manufacturing,2013,0.9897528729756851,1.2654785074853279,7,24m
Manufacturing,2014,1.3796864017835917,0.8165138185614808,9,24m
Manufacturing,2015,1.1797037788657199,0.5311960995859603,10,24m
Manufacturing,2016,1.2366834930201962,0.7452337017945807,10,24m
Manufacturing,2017,1.8087931627789533,1.1308461942136732,10,24m
Manufacturing,2018,1.4909097206197384,1.1022940543273536,10,24m
Manufacturing,2019,1.320912388377162,0.4062168227756895,10,24m
Manufacturing,2020,1.9733117318348268,1.4748555430623,10,24m
Manufacturing,2021,0.08290935868223408,3.1617053885803874,10,24m
Manufacturing,2022,0.9275540719327452,0.9734305668609526,10,24m
Manufacturing,2023,1.2140429386814353,0.5272624310830046,10,24m
Mining,1996,0.26273762138495727,1.3705798229248018,9,24m
Mining,1997,0.874838910367252,0.6840223534975094,8,24m
Mining,1998,0.7892756282520106,0.949097238698144,9,24m
Mining,1999,0.7789804257955636,0.5953568331841439,8,24m
Mining,2000,0.5262950720575497,0.9068308372574297,10,24m
Mining,2001,0.5189587218062093,0.5539105183228429,10,24m
Mining,2002,0.6292198160587061,0.6949933025572441,10,24m
Mining,2003,0.6659987186776963,0.6163495774052459,9,24m
Mining,2004,1.036930623321095,0.8639718076414318,10,24m
Mining,2005,0.9647006647059231,1.1532913331544685,8,24m
Mining,2006,2.591580516365917,0.9416019780229267,9,24m
Mining,2007,1.4810771986916285,0.792342984022217,9,24m
Mining,2008,1.0598992878588451,0.7595687824569641,10,24m
Mining,2009,1.707018237499291,1.1925956351026887,10,24m
Mining,2010,1.9544392473804462,0.7259264146105815,9,24m
Mining,2011,1.8253024233752073,0.5533786019967994,9,24m
Mining,2012,2.2725039510259246,0.9394876128028579,10,24m
Mining,2013,1.9163903652154015,1.6079615772134133,10,24m
Mining,2014,1.6774935471783912,1.2925092633238513,10,24m
Mining,2015,1.3846684985325157,1.3833428123176497,9,24m
Mining,2016,2.941967934924524,2.0542954246950518,10,24m
Mining,2017,2.087402291947646,3.2421127210598164,9,24m
Mining,2018,1.7031570034944512,1.129559732510824,9,24m
Mining,2019,1.8163380004002214,0.8000866785662434,8,24m
Mining,2020,2.7096940694299283,1.1557937267005893,10,24m
Mining,2021,2.8765422897128925,1.2418740816423046,10,24m
Mining,2022,1.1495160835810536,0.8205373346975671,10,24m
Mining,2023,1.0375293983991012,1.0505317001203134,9,24m
Public Administration,1996,0.8397866822320097,1.79948506466431,5,24m
Public Administration,1997,0.6857473713697348,1.0112926172693695,10,24m
Public Administration,1998,0.7844998140593445,0.5982080641152105,10,24m
Public Administration,1999,1.4024910546526883,0.46351980331548326,3,24m
Public Administration,2000,1.1518221469122318,0.5219790896962613,2,24m
Public Administration,2001,0.26398442048502524,,1,24m
Public Administration,2002,0.5306440861217424,,1,24m
Public Administration,2003,0.5385760894316477,,1,24m
Public Administration,2004,0.8008178741001619,,1,24m
Public Administration,2005,0.23071776213206344,,1,24m
Public Administration,2006,1.2094869145687779,0.7357682332778832,3,24m
Public Administration,2007,0.8089901384698477,1.2016063169550546,5,24m
Public Administration,2008,-1.2904927190837774,,1,24m
Public Administration,2009,1.2742237237813854,1.1516427697441134,6,24m
Public Administration,2010,-0.004803062348447587,1.5668832435465998,4,24m
Public Administration,2011,0.9120066354385191,0.5980911936078477,10,24m
Public Administration,2012,1.192559879663582,0.6440873284162045,6,24m
Public Administration,2013,0.43576021883306293,0.8072308472623944,7,24m
Public Administration,2014,2.133917968812722,1.460182152845253,6,24m
Public Administration,2015,1.7870565147040693,1.6187428983590455,9,24m
Public Administration,2016,1.8368524015284435,1.230933478864441,10,24m
Public Administration,2017,2.4401611285239446,1.7937763336177357,9,24m
Public Administration,2018,1.826786896221978,1.4541847056668786,7,24m
Public Administration,2019,1.401695267838359,1.2020217053721507,9,24m
Public Administration,2020,1.4251601486543464,0.6876217120506383,7,24m
Public Administration,2021,1.1577992441581126,4.243163038155177,7,24m
Public Administration,2022,0.3684111136725017,0.8508684376481136,10,24m
Public Administration,2023,1.117210603854467,1.0798931248156478,9,24m
Retail Trade,1996,0.7058567764162451,1.9602521147423022,7,24m
Retail Trade,1997,0.845741546049475,0.9290684189671233,10,24m
Retail Trade,1998,0.8414045321984464,0.5198523330431666,10,24m
Retail Trade,1999,1.130935518253806,0.8540405351803377,9,24m
Retail Trade,2000,0.8574228320160612,1.085726610287375,9,24m
Retail Trade,2001,0.5628590004784826,0.709060964035416,9,24m
Retail Trade,2002,1.1412528190501887,0.8684647788289774,10,24m
Retail Trade,2003,1.2602699103861146,1.2035784264484053,10,24m
Retail Trade,2004,1.227548841180795,0.8626789581994047,9,24m
Retail Trade,2005,1.7417924557142073,0.822715989533679,9,24m
Retail Trade,2006,1.3157857971612121,0.783526346257752,10,24m
Retail Trade,2007,0.8199260094844266,0.7284982410602466,10,24m
Retail Trade,2008,0.8065324934265702,0.7296127974923546,10,24m
Retail Trade,2009,1.5634923388987056,1.1572351988114589,9,24m
Retail Trade,2010,1.3840331043243883,0.7526287298379534,10,24m
Retail Trade,2011,1.443508079495474,0.7222363428999888,9,24m
Retail Trade,2012,1.1658691718695882,0.6290250439854326,10,24m
Retail Trade,2013,0.9612794209838936,0.8406421903160683,10,24m
Retail Trade,2014,1.6521095348935624,1.4197344425885825,8,24m
Retail Trade,2015,0.8103717037395171,0.937316702516592,10,24m
Retail Trade,2016,0.8594696902091792,0.8080230168664329,9,24m
Retail Trade,2017,1.0335993140745825,0.6850322424267064,9,24m
Retail Trade,2018,0.9606342689971278,0.8290490625395167,10,24m
Retail Trade,2019,1.1876613942422405,0.7362767602664657,10,24m
Retail Trade,2020,1.9890716996344608,0.9174932728038242,10,24m
Retail Trade,2021,1.4772474887493754,0.8283537999872922,9,24m
Retail Trade,2022,0.7541891343089903,0.3288323271137025,10,24m
Retail Trade,2023,1.6404573210916773,0.8453351259353946,10,24m
Services,1996,1.6956807946203456,1.466841980656619,9,24m
Services,1997,1.6274659701308298,1.11918157685493,9,24m
Services,1998,1.1632951098295599,0.4835659855013636,9,24m
Services,1999,1.7585769070937607,1.5025870965557768,8,24m
Services,2000,1.5922123243870014,1.218007666707975,9,24m
Services,2001,1.647797618724181,1.5950754230988404,9,24m
Services,2002,1.428212136265246,1.0179543419879542,10,24m
Services,2003,1.941853073905033,0.8045347891431077,7,24m
Services,2004,1.0259229733127362,1.6026670533442844,10,24m
Services,2005,1.5741267147169387,1.131140996308701,8,24m
Services,2006,0.985252910651568,1.184572916650306,8,24m
Services,2007,1.1545952677253264,1.192708243810443,9,24m
Services,2008,1.4802892572956046,0.9932325481313451,10,24m
Services,2009,1.4137186491699751,0.9461877667979892,10,24m
Services,2010,1.7591991903166,1.847187905189582,9,24m
Services,2011,1.1246231986670836,0.7282167491514009,9,24m
Services,2012,1.097062282621497,0.9118536617601646,9,24m
Services,2013,1.2613048598575483,1.8068664436172464,10,24m
Services,2014,0.7103859106184403,0.5495679285173857,9,24m
Services,2015,0.5807081825858642,1.1884138986598138,10,24m
Services,2016,0.9513141324315981,0.5959593403979696,10,24m
Services,2017,1.9579749101421422,2.1828894584465153,9,24m
Services,2018,0.9357321180173741,0.6846881587870576,10,24m
Services,2019,1.106825881134081,0.7619557479592541,10,24m
Services,2020,1.0154022405866776,0.5369156141843116,9,24m
Services,2021,1.6720899208457838,0.8324537426057556,7,24m
Services,2022,0.8018295981581567,0.5191397624593727,10,24m
Services,2023,1.1832121021750492,0.5745988850522169,10,24m
Transportation & Utilities,1996,0.5040499875286588,0.5761433111808161,7,24m
Transportation & Utilities,1997,1.1523424583695367,1.2026370632654004,8,24m
Transportation & Utilities,1998,0.8004314797072927,0.5479799764137009,9,24m
Transportation & Utilities,1999,1.316543807486425,2.0262754598970765,10,24m
Transportation & Utilities,2000,0.7420243945576329,1.0084981455642137,8,24m
Transportation & Utilities,2001,1.0730977975569642,1.0644525456615714,10,24m
Transportation & Utilities,2002,1.11710325940683,1.0625795473468964,10,24m
Transportation & Utilities,2003,0.7216932883003213,0.45671704600594143,10,24m
Transportation & Utilities,2004,1.6418530009461136,1.3355573636569362,7,24m
Transportation & Utilities,2005,1.236484119055969,1.203954203687073,9,24m
Transportation & Utilities,2006,0.6725231241108026,0.9644678017009675,9,24m
Transportation & Utilities,2007,1.2599717160707709,1.1353016251657306,9,24m
Transportation & Utilities,2008,0.7737872913348194,0.788248465241556,10,24m
Transportation & Utilities,2009,1.155982232368405,0.6801214734118138,10,24m
Transportation & Utilities,2010,1.2327553175034796,0.7086529252870829,9,24m
Transportation & Utilities,2011,1.3156539743258202,0.658110043194853,10,24m
Transportation & Utilities,2012,0.701227225172999,0.5946600765055438,10,24m
Transportation & Utilities,2013,0.6790992233748426,0.5463224816542015,10,24m
Transportation & Utilities,2014,1.3235461258160957,1.2254714380428526,10,24m
Transportation & Utilities,2015,0.8152516255473022,1.0784789729698305,10,24m
Transportation & Utilities,2016,1.1188977488905416,0.8081862735945328,10,24m
Transportation & Utilities,2017,0.5838221168648292,0.6570435459845009,10,24m
Transportation & Utilities,2018,0.7775409712878463,0.5706594703926755,10,24m
Transportation & Utilities,2019,0.914380602916907,0.5984228593782154,9,24m
Transportation & Utilities,2020,0.9109834410125697,0.6549546345569797,10,24m
Transportation & Utilities,2021,0.9527278678287907,0.615308496800422,10,24m
Transportation & Utilities,2022,0.7037105949088052,0.5767417550655928,10,24m
Transportation & Utilities,2023,1.104436253762271,0.5759095395022313,10,24m
Unknown,1999,0.4315823316466736,,1,24m
Unknown,2000,0.2466420479908787,1.1917760435075813,2,24m
Unknown,2001,-0.0648377791854867,,1,24m
Unknown,2003,2.134823724252084,3.01487417050808,2,24m
Unknown,2010,1.073294073472943,,1,24m
Unknown,2011,2.509039802154251,,1,24m
Unknown,2014,1.282358919089885,3.859655829180153,4,24m
Unknown,2015,1.3137060320530642,1.0041604285085812,6,24m
Unknown,2016,1.139750817690262,1.713342721784991,4,24m
Unknown,2018,0.15179315790673745,0.25648340412488135,3,24m
Unknown,2019,0.6205788485655658,0.7854345261744463,4,24m
Unknown,2020,1.1132954952586467,0.598658602921383,6,24m
Unknown,2021,0.8804522277648628,0.6782194365118001,9,24m
Unknown,2022,0.4351921409683704,0.8649990986332929,6,24m
Unknown,2023,0.5265299198521778,1.1157199649246414,10,24m
Wholesale Trade,1996,1.0965333835706335,1.462939313738863,7,24m
Wholesale Trade,1997,1.0275375567894796,0.8569396443905362,10,24m
Wholesale Trade,1998,1.9960350712831623,2.016830083175644,9,24m
Wholesale Trade,1999,1.0497775270970553,0.5520727496923254,10,24m
Wholesale Trade,2000,1.2024759364577795,1.3203592901485777,8,24m
Wholesale Trade,2001,1.2603095760825878,0.8369406441401774,9,24m
Wholesale Trade,2002,0.9463061625168463,0.8295218488240419,10,24m
Wholesale Trade,2003,0.8654594363244521,0.6303388606584018,9,24m
Wholesale Trade,2004,1.4320393227681845,1.2588688491335378,10,24m
Wholesale Trade,2005,1.9432065828952685,2.1556379185156604,10,24m
Wholesale Trade,2006,1.7333214507813872,0.9179700796630844,7,24m
Wholesale Trade,2007,1.9565831447316089,0.9120412105591617,9,24m
Wholesale Trade,2008,0.8569356747255882,0.5595741238659377,9,24m
Wholesale Trade,2009,1.4653581015939994,0.8555364750259447,10,24m
Wholesale Trade,2010,1.273725964507444,0.908390740986184,10,24m
Wholesale Trade,2011,1.3922516511355316,0.5344642126234844,10,24m
Wholesale Trade,2012,1.008021485189113,0.5438232853287515,10,24m
Wholesale Trade,2013,1.5795545968821663,0.94159506846188,10,24m
Wholesale Trade,2014,1.0475571548223592,1.0547887943703786,8,24m
Wholesale Trade,2015,1.3092999012797173,1.33756605428543,10,24m
Wholesale Trade,2016,1.621484006713127,0.9687798053761484,10,24m
Wholesale Trade,2017,1.7075238515804283,1.135195189018333,10,24m
Wholesale Trade,2018,0.7274662171193668,0.9620089560563834,10,24m
Wholesale Trade,2019,0.997214728375454,0.9693823607290027,10,24m
Wholesale Trade,2020,1.1948660659623127,0.42773241569874193,10,24m
Wholesale Trade,2021,2.276149840018554,2.3350357497146677,10,24m
Wholesale Trade,2022,1.2199392986176103,0.5669749475682282,10,24m
Wholesale Trade,2023,1.3505046040188822,0.8891624129603611,10,24m
"Agriculture, Forestry & Fishing",1997,0.9278092891817983,1.1560440444658604,6,36m
"Agriculture, Forestry & Fishing",1998,-0.4113114362267407,2.1768435312291863,8,36m
"Agriculture, Forestry & Fishing",1999,0.7611381586397574,0.37313013625400515,9,36m
"Agriculture, Forestry & Fishing",2000,0.30376594765718246,0.5526061944269128,10,36m
"Agriculture, Forestry & Fishing",2001,0.28938196003018585,0.46093238847192375,10,36m
"Agriculture, Forestry & Fishing",2002,0.2327118332297018,0.34588535724988645,8,36m
"Agriculture, Forestry & Fishing",2003,0.5224183097744731,0.3270082359460413,10,36m
"Agriculture, Forestry & Fishing",2004,0.6687574727351223,0.3620303101709492,8,36m
"Agriculture, Forestry & Fishing",2005,1.1566243216802992,1.1320539318730183,8,36m
"Agriculture, Forestry & Fishing",2006,0.5471852249877496,1.115437524378564,9,36m
"Agriculture, Forestry & Fishing",2007,0.4593427329353624,0.6364258159005305,7,36m
"Agriculture, Forestry & Fishing",2008,0.8514803725782709,0.38494132958770966,6,36m
"Agriculture, Forestry & Fishing",2009,1.327662613642389,1.0835495027923598,9,36m
"Agriculture, Forestry & Fishing",2010,1.2492100969642508,0.8503574905440854,9,36m
"Agriculture, Forestry & Fishing",2011,1.213321714575296,0.8663807162696775,10,36m
"Agriculture, Forestry & Fishing",2012,1.0557377202539022,0.5428236847663069,7,36m
"Agriculture, Forestry & Fishing",2013,1.133888446961384,0.5537532467835374,6,36m
"Agriculture, Forestry & Fishing",2014,1.1912625257015772,0.47567387014942525,6,36m
"Agriculture, Forestry & Fishing",2015,1.105605205858303,1.0424206557935922,9,36m
"Agriculture, Forestry & Fishing",2016,1.2605878147018301,0.735267525008745,10,36m
"Agriculture, Forestry & Fishing",2017,0.9362289800458876,0.7168664551878469,8,36m
"Agriculture, Forestry & Fishing",2018,0.6799191253770779,0.37834240972663274,6,36m
"Agriculture, Forestry & Fishing",2019,0.7829065110860518,0.5297037884464262,9,36m
"Agriculture, Forestry & Fishing",2020,0.9624457027410548,1.0522249952229377,10,36m
"Agriculture, Forestry & Fishing",2021,1.047200081829467,1.3031185232234401,9,36m
"Agriculture, Forestry & Fishing",2022,0.9668410343676871,0.8290395907838697,9,36m
"Agriculture, Forestry & Fishing",2023,1.2143052238248941,0.7197719986385933,9,36m
Construction,1997,1.1037979333765193,0.9538863200822264,7,36m
Construction,1998,0.5398441373890591,0.570622591602255,7,36m
Construction,1999,0.6022110375763974,1.1103692477725087,9,36m
Construction,2000,0.8821367834344539,1.0213571786635784,9,36m
Construction,2001,0.8227183888363084,0.6808268888292952,9,36m
Construction,2002,0.8945163835607144,0.7393464255309932,10,36m
Construction,2003,1.077345421765981,0.35624064435868646,10,36m
Construction,2004,1.0688559237732933,1.0913652789882995,9,36m
Construction,2005,2.202146999624803,0.9784851108107818,10,36m
Construction,2006,2.2227213044366234,1.5339039505503889,9,36m
Construction,2007,2.0204139248195223,0.9200245906474572,10,36m
Construction,2008,0.8032346267244186,1.4186071281126706,10,36m
Construction,2009,1.606385488295127,0.49857601241706995,10,36m
Construction,2010,1.5311516644988261,0.6468486657657129,8,36m
Construction,2011,1.2898960755379456,0.37130162425969604,10,36m
Construction,2012,1.6362264819399102,1.030816930632647,10,36m
Construction,2013,2.046143301189426,1.165519194534591,9,36m
Construction,2014,2.088689358951379,0.6719385250975071,10,36m
Construction,2015,1.1865540858627281,0.6660562725268495,10,36m
Construction,2016,1.76914600107036,0.851302147874376,8,36m
Construction,2017,1.3502316838852872,0.587979936376156,10,36m
Construction,2018,1.5433513493359157,0.46320386833166727,10,36m
Construction,2019,1.3418143445231987,0.5011622859452394,9,36m
Construction,2020,1.624433165210397,0.6042256927420341,9,36m
Construction,2021,1.6029193177477334,0.7812519628574303,9,36m
Construction,2022,1.4427684719904676,0.35828501507320115,10,36m
Construction,2023,1.3641509077606495,0.7161782804888612,10,36m
"Finance, Insurance & Real Estate",1997,0.33594411776531247,0.41334219433542496,7,36m
"Finance, Insurance & Real Estate",1998,0.44883398513100503,0.436573699722346,9,36m
"Finance, Insurance & Real Estate",1999,0.7957547759036994,0.47532909068052565,9,36m
"Finance, Insurance & Real Estate",2000,0.19410244748751845,0.3761835591646584,8,36m
"Finance, Insurance & Real Estate",2001,0.13411309344701816,0.557370214472773,10,36m
"Finance, Insurance & Real Estate",2002,1.0035410003170386,1.2267061658392777,9,36m
"Finance, Insurance & Real Estate",2003,0.37358591774035704,0.18810779655430723,10,36m
"Finance, Insurance & Real Estate",2004,0.46673226625554076,0.4044547734342698,8,36m
"Finance, Insurance & Real Estate",2005,0.8412757770968714,0.4453828533652807,10,36m
"Finance, Insurance & Real Estate",2006,0.6764642147083646,0.5942249697818142,9,36m
"Finance, Insurance & Real Estate",2007,0.7495466943286058,0.6021703674527837,10,36m
"Finance, Insurance & Real Estate",2008,0.512816812722787,0.5617406722117033,10,36m
"Finance, Insurance & Real Estate",2009,0.9104018922251982,0.4365546548281975,10,36m
"Finance, Insurance & Real Estate",2010,1.3254973589889438,1.5512432199311823,10,36m
"Finance, Insurance & Real Estate",2011,1.5927900524051049,1.039656201275286,10,36m
"Finance, Insurance & Real Estate",2012,1.0005801159413419,0.5357088390822755,10,36m
"Finance, Insurance & Real Estate",2013,1.2281523030270145,0.8008539134010618,10,36m
"Finance, Insurance & Real Estate",2014,1.3229048401421966,0.6446423845546838,10,36m
"Finance, Insurance & Real Estate",2015,0.768370816582274,0.378682073959505,10,36m
"Finance, Insurance & Real Estate",2016,1.0198295313556183,0.718992805558825,10,36m
"Finance, Insurance & Real Estate",2017,0.7567130518017047,0.5027658381364248,10,36m
"Finance, Insurance & Real Estate",2018,1.0843252277291537,0.28309889973007574,9,36m
"Finance, Insurance & Real Estate",2019,1.2792290674263995,0.5696169442164384,10,36m
"Finance, Insurance & Real Estate",2020,1.1147572978089766,0.6058631787510792,10,36m
"Finance, Insurance & Real Estate",2021,1.2241701559767926,0.5154586151481108,9,36m
"Finance, Insurance & Real Estate",2022,0.6705617817432328,0.4222012221858988,10,36m
"Finance, Insurance & Real Estate",2023,0.9425935264240687,0.7947606345994076,10,36m
Manufacturing,1997,1.5139691330563132,1.1119454002791693,8,36m
Manufacturing,1998,1.2425357881384136,1.1408799975159933,9,36m
Manufacturing,1999,1.1374139542129187,0.619079117789968,10,36m
Manufacturing,2000,0.5819582713082353,0.5922405095360231,7,36m
Manufacturing,2001,1.2805299182066852,1.2333100696770787,8,36m
Manufacturing,2002,1.6962319542309705,1.5557037676771586,8,36m
Manufacturing,2003,2.135322118486603,1.866463389363467,10,36m
Manufacturing,2004,0.7308171810675929,0.6115537528952756,8,36m
Manufacturing,2005,1.8625251022125633,1.391072714811125,8,36m
Manufacturing,2006,1.8251884802379499,1.2838950041682597,9,36m
Manufacturing,2007,1.3316092702675588,1.0253194321434729,9,36m
Manufacturing,2008,1.509878109526761,0.6790406605484607,10,36m
Manufacturing,2009,1.3674529954527341,1.0614985442360303,10,36m
Manufacturing,2010,1.6648783101389875,0.6946732495072894,10,36m
Manufacturing,2011,1.588196482084005,0.7366543897296169,9,36m
Manufacturing,2012,1.270583945054114,0.8615641229216838,10,36m
Manufacturing,2013,1.236825401384509,0.8569735923347624,7,36m
Manufacturing,2014,1.3496169433813554,0.6189539728989513,8,36m
Manufacturing,2015,1.5188198404717916,0.6196956447402038,10,36m
Manufacturing,2016,1.2630682716298565,0.7778012404548134,10,36m
Manufacturing,2017,1.227056860500166,0.529705787951521,9,36m
Manufacturing,2018,1.2249958234326557,0.6215482421744687,10,36m
Manufacturing,2019,1.411454095325833,0.32239639157253985,9,36m
Manufacturing,2020,1.8782601781885244,1.2889150734974932,10,36m
Manufacturing,2021,0.29136084174997845,2.684908033151207,10,36m
Manufacturing,2022,1.0285371788692668,0.7138463629452181,10,36m
Manufacturing,2023,1.1900596248737445,0.4527595450068943,10,36m
Mining,1997,0.7169141957850866,0.5595465416957183,7,36m
Mining,1998,0.8973613375989083,0.7685418629711741,9,36m
Mining,1999,1.3508505958130423,1.7528672331160222,8,36m
Mining,2000,0.699187136606396,0.6484400386619799,10,36m
Mining,2001,0.5862883725232912,0.4535328293889623,9,36m
Mining,2002,0.7865774867715118,0.6953904536557175,10,36m
Mining,2003,0.6934204823883339,0.5069935123145047,9,36m
Mining,2004,0.7540295807801193,0.3364504166781335,10,36m
Mining,2005,0.6679711345435996,1.2660552078546348,8,36m
Mining,2006,1.9810079656486697,0.5470699599722971,8,36m
Mining,2007,1.471007090353228,0.7099689083702719,9,36m
Mining,2008,1.1219641752542455,0.7489404997926653,9,36m
Mining,2009,1.6915881051955624,1.1082998047774857,10,36m
Mining,2010,1.7753010571011811,0.6108163639338101,9,36m
Mining,2011,1.8785104603598635,0.7553856534422747,9,36m
Mining,2012,1.8152331239541468,0.8438872767273362,10,36m
Mining,2013,2.0213455771951176,0.9053375977058573,10,36m
Mining,2014,2.174397172966782,0.7024184656811118,9,36m
Mining,2015,1.2570769557313493,1.4779894337386974,7,36m
Mining,2016,2.5452659762235554,1.6895774862539632,10,36m
Mining,2017,1.5643599433387605,1.9719196233592884,9,36m
Mining,2018,2.1706724567795277,1.3229652732987998,9,36m
Mining,2019,1.8401116348265691,0.8291893706524419,8,36m
Mining,2020,2.5146364288305545,0.887713428914603,10,36m
Mining,2021,2.7106105849380935,1.2062546569000996,9,36m
Mining,2022,2.028872491078526,0.710103165144038,10,36m
Mining,2023,0.9301748747626772,0.9264911442772849,9,36m
Public Administration,1997,0.6857473713697348,1.0112926172693695,10,36m
Public Administration,1998,0.7954190801966398,0.47185482791334016,10,36m
Public Administration,1999,1.1827747578283705,0.19050134820856013,3,36m
Public Administration,2000,1.4832745265085423,0.023793618089497887,2,36m
Public Administration,2001,0.09998241086007326,,1,36m
Public Administration,2002,0.3105387020656809,,1,36m
Public Administration,2003,0.5637410312068639,,1,36m
Public Administration,2004,0.4645430292199412,,1,36m
Public Administration,2005,0.6587166011418968,,1,36m
Public Administration,2006,0.7287436355433261,0.08033085108774196,2,36m
Public Administration,2007,0.49758727529850405,0.18973373530076965,3,36m
Public Administration,2009,0.8179184229534187,1.1249704743727227,2,36m
Public Administration,2010,0.11637779868891154,0.7902248705973286,2,36m
Public Administration,2011,0.5449425220162747,0.2882453531759418,5,36m
Public Administration,2012,1.2401396173630357,0.5074838523188439,6,36m
Public Administration,2013,0.7886173307162759,0.7265038960751117,7,36m
Public Administration,2014,1.7962373361901918,1.3378178880037777,5,36m
Public Administration,2015,1.3904228483153875,0.9707421734038366,6,36m
Public Administration,2016,1.6626119412761464,0.9797047059229403,10,36m
Public Administration,2017,1.658126322076204,1.5126266543256257,8,36m
Public Administration,2018,2.4600222960615303,0.3697108408070656,5,36m
Public Administration,2019,1.2092225294998509,1.096064335660072,8,36m
Public Administration,2020,1.4433936547399262,0.5822786379197754,8,36m
Public Administration,2021,1.3259600823905606,4.162645633940307,5,36m
Public Administration,2022,0.5920333985990525,0.5848518651447371,7,36m
Public Administration,2023,1.086470463657345,1.0422174967450952,9,36m
Retail Trade,1997,0.9786278635885984,0.5626470255723188,7,36m
Retail Trade,1998,0.8192598868650597,0.42699589871730514,10,36m
Retail Trade,1999,1.1226911884986943,0.8427930261931474,9,36m
Retail Trade,2000,1.1743686930674682,1.152577108095367,9,36m
Retail Trade,2001,0.44541694400474746,0.49148425865454753,9,36m
Retail Trade,2002,0.98224846240807,0.522639177011051,10,36m
Retail Trade,2003,0.9756735850980591,1.0107242232382012,9,36m
Retail Trade,2004,1.1099886828922443,0.8228242753241755,8,36m
Retail Trade,2005,1.5347813151746772,1.0119765361896464,9,36m
Retail Trade,2006,1.367924909679642,0.60891156545061,10,36m
Retail Trade,2007,1.174425130650512,0.5361205642111326,10,36m
Retail Trade,2008,0.8932288217342794,0.6543983997444263,10,36m
Retail Trade,2009,1.5281711125021304,1.020094099874393,9,36m
Retail Trade,2010,1.1916517883292812,0.5875325122470854,10,36m
Retail Trade,2011,1.65374540766823,1.0107623760500617,9,36m
Retail Trade,2012,1.3399274338497424,0.5445116761708799,10,36m
Retail Trade,2013,0.9124924555069983,0.5460507757268203,10,36m
Retail Trade,2014,1.546977123672538,1.2735355173544445,8,36m
Retail Trade,2015,0.9940112742749996,0.6632709972005123,9,36m
Retail Trade,2016,1.0735246249965509,0.8024270042045586,9,36m
Retail Trade,2017,0.615832994895808,0.8184767066582782,9,36m
Retail Trade,2018,1.0542595128956145,0.7286708972935464,10,36m
Retail Trade,2019,1.172669354382427,0.7608794596683037,10,36m
Retail Trade,2020,1.8149903714705,0.7827663983301946,10,36m
Retail Trade,2021,1.4874304023211031,0.7218249172819425,9,36m
Retail Trade,2022,1.2775926915111855,0.6413868630332232,10,36m
Retail Trade,2023,1.4665926478153541,0.6809442994089133,9,36m
Services,1997,2.0341543360569285,0.8759668637379056,7,36m
Services,1998,1.150235045600472,0.3425719625422635,6,36m
Services,1999,1.814050368933055,1.467729788339035,8,36m
Services,2000,1.9140689376537008,0.9663496330595261,8,36m
Services,2001,1.3704486467740837,1.67242524140761,8,36m
Services,2002,1.428187906260255,0.9517312727073033,10,36m
Services,2003,2.4613322684205476,1.07300353270673,7,36m
Services,2004,1.2497920743500865,1.7005702559215936,10,36m
Services,2005,1.9711862616445097,1.4944890220208575,6,36m
Services,2006,1.2813504660629873,1.0536159894475194,8,36m
Services,2007,1.3721195102178534,0.415734520930676,8,36m
Services,2008,1.6563931892132977,0.9457825621886028,9,36m
Services,2009,1.357518105424794,0.8370322360324375,10,36m
Services,2010,1.6358636047731987,1.6695162122730207,9,36m
Services,2011,1.405373469388637,0.439934154023542,9,36m
Services,2012,1.2586284299077228,0.5740055870480791,9,36m
Services,2013,1.2593693281684557,0.7674808418612267,10,36m
Services,2014,0.7967094441162351,0.4029448760015748,9,36m
Services,2015,0.682384895726743,1.2862525213488252,10,36m
Services,2016,0.8486479245191111,0.7085178524260828,10,36m
Services,2017,2.1000947390478233,1.7179342245930969,9,36m
Services,2018,1.083932827973069,0.4748533100340414,9,36m
Services,2019,1.048840268479729,0.7604767191980851,9,36m
Services,2020,0.9869626673125258,0.3982704054357682,9,36m
Services,2021,1.693615167885252,0.8081218336745727,7,36m
Services,2022,0.9938997707446189,0.6144504173575347,9,36m
Services,2023,1.2052028691015277,0.4980917379947673,10,36m
Transportation & Utilities,1997,1.1523424583695367,1.2026370632654004,8,36m
Transportation & Utilities,1998,0.9091998249560511,0.5580643454708907,9,36m
Transportation & Utilities,1999,1.0279764139396823,1.8748663234534533,9,36m
Transportation & Utilities,2000,0.8969247814642599,1.0446434738826367,8,36m
Transportation & Utilities,2001,1.0879874197554427,1.0644613071923925,10,36m
Transportation & Utilities,2002,0.9793834069067161,0.964563844728271,10,36m
Transportation & Utilities,2003,0.7340041135774613,0.5645200907123336,10,36m
Transportation & Utilities,2004,1.0957197461804493,1.2482092519305363,7,36m
Transportation & Utilities,2005,1.2496267847955493,0.8852657886131389,9,36m
Transportation & Utilities,2006,0.8288863935399984,0.8063122179144758,9,36m
Transportation & Utilities,2007,1.2213463460675682,0.8423903847132959,9,36m
Transportation & Utilities,2008,0.8463233682612537,0.7231822782629045,10,36m
Transportation & Utilities,2009,1.1548377221925894,0.6088823018530617,10,36m
Transportation & Utilities,2010,1.0445639037228853,0.5763508482316506,9,36m
Transportation & Utilities,2011,1.265184974750888,0.6500205653652082,10,36m
Transportation & Utilities,2012,0.7755229263193361,0.529208682984623,10,36m
Transportation & Utilities,2013,0.571839092060485,0.25125733543284984,9,36m
Transportation & Utilities,2014,1.3952673583072563,1.0254054128904841,9,36m
Transportation & Utilities,2015,1.2478944268843546,1.0986329164828037,10,36m
Transportation & Utilities,2016,1.1532629253565925,0.6944311911092149,10,36m
Transportation & Utilities,2017,0.5348058932953454,0.6967266143482191,10,36m
Transportation & Utilities,2018,0.7966319959251378,0.4398374817091299,10,36m
Transportation & Utilities,2019,0.94120109229674,0.6245560822492373,9,36m
Transportation & Utilities,2020,0.8989649119042319,0.6259701009833878,10,36m
Transportation & Utilities,2021,0.8451583500246324,0.5770637044956274,10,36m
Transportation & Utilities,2022,0.9746001199808788,0.827261795210242,10,36m
Transportation & Utilities,2023,1.1462161896511707,0.6457150930751474,10,36m
Unknown,1999,0.5847880946939596,,1,36m
Unknown,2000,-0.06697609740269674,,1,36m
Unknown,2001,-0.10758823082637888,,1,36m
Unknown,2003,3.177854343400101,0.6829494154496275,2,36m
Unknown,2010,0.8114085707356449,,1,36m
Unknown,2011,1.125316989151984,0.07357151290749178,2,36m
Unknown,2014,0.3154807386608436,,1,36m
Unknown,2015,1.478389742968583,1.662225554341602,4,36m
Unknown,2016,0.9982117573720892,1.7572894884924064,4,36m
Unknown,2018,0.01563227939510776,,1,36m
Unknown,2019,0.2705460175721265,0.4363038743267906,3,36m
Unknown,2020,1.0131097863927645,0.5944201112267827,6,36m
Unknown,2021,0.8722796593165756,0.6520050592510018,9,36m
Unknown,2022,0.958773286374823,0.8860936927831901,5,36m
Unknown,2023,0.6816989326302434,0.8602860782887961,8,36m
Wholesale Trade,1997,0.9682464469035069,0.958734491171397,8,36m
Wholesale Trade,1998,1.5127808808876495,2.4056664880265757,10,36m
Wholesale Trade,1999,0.9307586962517608,0.6367320894775197,10,36m
Wholesale Trade,2000,0.7701924276199146,0.5513899669625854,7,36m
Wholesale Trade,2001,1.0546368139837878,0.7884894661851308,9,36m
Wholesale Trade,2002,0.7511251189543999,0.8613603491293901,10,36m
Wholesale Trade,2003,0.8315237579070557,0.5816113861761303,9,36m
Wholesale Trade,2004,1.4299660270924743,1.3604141057914791,10,36m
Wholesale Trade,2005,1.3250666050058284,0.8873205811069171,10,36m
Wholesale Trade,2006,1.725223085366834,0.8655616723519338,8,36m
Wholesale Trade,2007,1.5594527661946727,0.8396222387006065,9,36m
Wholesale Trade,2008,0.9186991544424973,0.4639747180010621,9,36m
Wholesale Trade,2009,1.6161573800555342,0.7745519294321423,10,36m
Wholesale Trade,2010,1.3709394615003616,0.850952551546115,10,36m
Wholesale Trade,2011,1.4587879510500876,0.6929758020567371,10,36m
Wholesale Trade,2012,1.067000781025245,0.45807902713270027,10,36m
Wholesale Trade,2013,1.6225467951996932,0.4878090340042145,10,36m
Wholesale Trade,2014,0.9921018016023365,0.7070001210366,8,36m
Wholesale Trade,2015,1.4576728926203575,1.3214859610180296,10,36m
Wholesale Trade,2016,1.6269110051742364,0.8455868156428644,10,36m
Wholesale Trade,2017,1.2740122634935402,0.7136119242472628,10,36m
Wholesale Trade,2018,1.0081548731360808,0.7310943256829981,10,36m
Wholesale Trade,2019,0.9659439141868983,0.9478453269910767,10,36m
Wholesale Trade,2020,1.164011976120793,0.24107234564110586,10,36m
Wholesale Trade,2021,2.197320758183811,2.0373581076114347,10,36m
Wholesale Trade,2022,1.4594798295600204,0.7146805146082695,10,36m
Wholesale Trade,2023,1.2871891305124883,0.88551040883282,10,36m
