date,open,high,low,close,volume
2015-01-02,18.5978,18.7072,18.2151,18.4156,6398967
2015-01-05,18.2424,18.3062,17.8506,17.8597,7501117
2015-01-06,17.9053,18.0329,17.1308,17.1399,27930004
2015-01-07,17.4041,17.4315,17.1399,17.3312,12862197
2015-01-08,17.4861,17.7413,17.4406,17.7231,14648791
2015-01-09,17.7686,17.7868,17.2219,17.2492,6877589
2015-01-12,17.2219,17.2948,16.8847,16.985,11466437
2015-01-13,17.1854,17.3221,16.7708,16.8665,10613111
2015-01-14,16.6205,16.6843,16.379,16.5932,14223001
2015-01-15,16.5658,16.7207,16.3198,16.42,9330931
2015-01-16,16.3653,16.6979,16.3198,16.6752,10179251
2015-01-20,16.8939,16.8939,16.3016,16.4747,10925645
2015-01-21,16.3653,16.5658,15.8824,15.9735,28189876
2015-01-22,16.0191,16.4474,15.9189,16.3198,25885654
2015-01-23,16.256,16.5476,16.1011,16.1011,11882917
2015-01-26,16.1558,16.4382,16.0738,16.338,9073390
2015-01-27,16.092,16.2833,16.0191,16.0965,7305508
2015-01-28,16.256,16.256,15.6911,15.6911,7541180
2015-01-29,15.6455,15.9462,15.6182,15.9097,7230316
2015-01-30,15.7002,16.0191,15.6364,15.7639,10799857
2015-02-02,15.9644,16.3745,15.8642,16.2925,12585477
2015-02-03,16.3471,16.6843,16.3289,16.6296,11502400
2015-02-04,16.6023,16.8392,16.5294,16.7207,13803769
2015-02-05,16.6296,17.0214,16.6296,16.9759,9960932
2015-02-06,17.149,17.4588,17.1308,17.2128,23096073
2015-02-09,17.0761,17.2401,17.0032,17.1217,9747353
2015-02-10,17.0396,17.1945,17.0214,17.1763,8922774
2015-02-11,17.149,17.1854,17.0305,17.1125,8543270
2015-02-12,17.231,17.5135,17.1125,17.4861,9822995
2015-02-13,17.4861,17.641,17.4224,17.5499,4802332
2015-02-17,17.559,17.7413,17.395,17.7413,8209443
2015-02-18,17.6775,17.7139,17.395,17.4178,8327439
2015-02-19,17.3495,17.5499,17.0943,17.4953,7479731
2015-02-20,17.477,17.6775,17.2401,17.6684,7565731
2015-02-23,17.6593,17.6593,17.4224,17.5773,6071313
2015-02-24,17.6502,17.8005,17.5773,17.6684,9432238
2015-02-25,17.796,17.796,17.5317,17.6775,6592898
2015-02-26,17.6228,17.7413,17.5955,17.7139,3978371
2015-02-27,17.6775,17.7914,17.6228,17.641,6902195
2015-03-02,17.6046,17.8051,17.5317,17.7777,7420912
2015-03-03,17.6957,17.8142,17.6228,17.7595,7684670
2015-03-04,17.7048,17.7139,17.477,17.5681,6020733
2015-03-05,17.5681,17.6046,17.3768,17.5955,4869952
2015-03-06,17.6046,17.9964,17.4588,17.7231,8028181
2015-03-09,17.7595,17.7686,17.6365,17.7367,7391968
2015-03-10,17.4861,17.6137,17.3768,17.3813,6977037
2015-03-11,17.4406,17.4496,17.2492,17.3312,8029991
2015-03-12,17.5044,17.6684,17.2857,17.5317,15268743
2015-03-13,17.5226,17.559,17.2629,17.3859,9608279
2015-03-16,17.4953,17.5864,17.4041,17.5408,9314310
2015-03-17,17.5499,17.5955,17.3586,17.5408,9765127
2015-03-18,17.5226,17.7504,17.3586,17.5454,9163343
2015-03-19,17.4497,17.6319,17.313,17.5135,9223027
2015-03-20,17.6137,17.7686,17.5044,17.7504,7396687
2015-03-23,17.7777,17.8868,17.5773,17.5773,4967387
2015-03-24,17.5044,17.5864,17.3586,17.477,6054211
2015-03-25,17.4588,17.4679,17.1399,17.1444,9405602
2015-03-26,17.0761,17.4679,17.0032,17.395,10634335
2015-03-27,17.3124,17.3858,17.1473,17.3491,8355877
2015-03-30,17.4684,17.5602,17.395,17.4868,5706684
2015-03-31,17.4225,17.4822,17.2482,17.2941,11565252
2015-04-01,17.2299,17.3583,17.0923,17.3537,8702014
2015-04-02,17.3583,17.5143,17.2666,17.4134,5482086
2015-04-06,17.2207,17.5143,17.1381,17.4134,6633946
2015-04-07,17.4776,17.6978,17.4501,17.606,4932334
2015-04-08,17.6152,17.707,17.4501,17.5235,6344983
2015-04-09,17.5969,17.6427,17.4684,17.6152,5252451
2015-04-10,17.6152,17.6611,17.4317,17.4776,3940271
2015-04-13,17.5143,17.6519,17.4684,17.6244,4703438
2015-04-14,17.5418,17.6336,17.3858,17.4409,5721914
2015-04-15,17.4868,17.7437,17.4317,17.5877,4932263
2015-04-16,17.5969,17.762,17.4042,17.6886,6976259
2015-04-17,17.5235,17.6152,17.3216,17.3446,6423113
2015-04-20,17.4684,17.5235,17.3308,17.4225,6201256
2015-04-21,17.6611,17.9822,17.5693,17.8079,14334727
2015-04-22,17.8446,18.2116,17.7987,18.1198,9363531
2015-04-23,18.0923,18.1473,17.9822,18.0739,4446134
2015-04-24,18.0281,18.0831,17.8354,17.9271,5034416
2015-04-27,17.9363,18.1565,17.8996,18.0281,7650552
2015-04-28,18.0372,18.2207,17.9547,18.184,6387753
2015-04-29,18.1749,18.5418,18.1473,18.4226,7399723
2015-04-30,18.3675,18.5143,18.2299,18.3492,7717629
2015-05-01,18.4226,18.5694,18.2758,18.5694,8873998
2015-05-04,18.5969,18.7529,18.5143,18.7529,6389162
2015-05-05,18.6703,18.9088,18.6152,18.6703,5729946
2015-05-06,18.6978,18.7437,18.3675,18.4501,7177237
2015-05-07,18.4684,18.5235,18.2345,18.3262,7269507
2015-05-08,18.4134,18.5602,18.3308,18.5418,4433624
2015-05-11,18.4776,18.6703,18.4501,18.6428,4652677
2015-05-12,18.5785,18.6703,18.3767,18.6061,4754070
2015-05-13,18.5602,18.8079,18.4914,18.7987,5165439
2015-05-14,18.8813,18.9455,18.7529,18.9226,6044565
2015-05-15,18.9364,18.9364,18.6152,18.6795,4851956
2015-05-18,18.7162,18.8905,18.6519,18.8263,3985406
2015-05-19,19.129,19.2391,18.9455,19.2116,6463392
2015-05-20,19.0464,19.129,18.7712,18.7804,11854409
2015-05-21,18.7162,18.8538,18.6978,18.7758,4990739
2015-05-22,18.7804,18.8721,18.7345,18.8171,4407293
2015-05-26,18.7987,18.8263,18.6382,18.7345,8416809
2015-05-27,18.7896,18.9547,18.6336,18.9088,8245688
2015-05-28,18.8997,18.9088,18.7529,18.8905,6298640
2015-05-29,18.8813,18.8813,18.5694,18.5694,11516066
2015-06-01,18.5694,18.6152,18.2391,18.4088,15818148
2015-06-02,18.3767,18.7253,18.3125,18.6336,10174908
2015-06-03,18.7345,18.9547,18.6703,18.8721,6527770
2015-06-04,18.7896,18.8538,18.6061,18.6611,8233484
2015-06-05,18.8905,19.1565,18.8079,19.1198,10507832
2015-06-08,19.0831,19.2483,19.0189,19.0831,5618819
2015-06-09,19.129,19.3914,19.0281,19.2575,6234283
2015-06-10,19.3859,19.6795,19.3125,19.5327,8164613
2015-06-11,19.551,19.6336,19.4043,19.4134,6861070
2015-06-12,19.3859,19.5235,19.3492,19.4226,5931447
2015-06-15,19.2575,19.5327,19.2131,19.3951,7245488
2015-06-16,19.3125,19.5373,19.2896,19.4731,3869271
2015-06-17,19.5144,19.5786,19.207,19.2299,7036020
2015-06-18,19.2666,19.3951,19.0648,19.3859,11032596
2015-06-19,19.3584,19.4868,19.2758,19.3033,6056396
2015-06-22,19.5235,19.8813,19.3125,19.8446,11425780
2015-06-23,20.0098,20.0923,19.7988,19.8997,8715807
2015-06-24,19.863,19.9089,19.7116,19.7437,5866735
2015-06-25,19.8355,19.8905,19.6153,19.6428,6666867
2015-06-26,19.7628,19.8736,19.6059,19.6336,7734775
2015-06-29,19.2551,19.532,19.0982,19.1536,7856657
2015-06-30,19.3751,19.532,19.0659,19.2182,9015455
2015-07-01,19.4213,19.532,19.329,19.5136,7907647
2015-07-02,19.412,19.4582,19.1166,19.3197,9885975
2015-07-06,19.1074,19.4028,18.9874,19.3843,9560927
2015-07-07,19.329,19.3474,18.7751,19.1166,8466947
2015-07-08,18.9874,19.0705,18.8305,18.8859,7299025
2015-07-09,19.1351,19.255,18.9874,19.0705,5393253
2015-07-10,19.292,19.4028,19.1352,19.2874,3688067
2015-07-13,19.4859,19.532,19.352,19.4674,3964698
2015-07-14,19.3382,19.5966,19.2643,19.5136,4972510
2015-07-15,19.569,19.7351,19.5043,19.6243,4908134
2015-07-16,19.7997,19.8459,19.652,19.712,5380184
2015-07-17,19.6151,19.6243,19.3566,19.5043,4910874
2015-07-20,19.5505,19.6705,19.4905,19.6428,5979098
2015-07-21,19.7536,20.2428,19.7536,19.8643,10235702
2015-07-22,19.8828,20.072,19.6889,19.9289,10230146
2015-07-23,19.8828,20.0305,19.6059,19.6613,6625268
2015-07-24,19.6797,19.6797,19.4443,19.5136,4526783
2015-07-27,19.3751,19.4582,19.1905,19.2459,5026281
2015-07-28,19.3105,19.3659,19.112,19.292,4614865
2015-07-29,19.2551,19.5136,19.2366,19.4859,4938308
2015-07-30,19.4305,19.5782,19.3659,19.5228,4108098
2015-07-31,19.5228,19.5782,19.3936,19.449,4343010
2015-08-03,19.449,19.5505,19.3013,19.4536,3783031
2015-08-04,19.4305,19.7813,19.3013,19.532,6239138
2015-08-05,19.6151,19.8828,19.5505,19.7074,5123733
2015-08-06,19.7443,19.8089,19.5228,19.5966,4141283
2015-08-07,19.5505,19.7536,19.3659,19.5136,4831194
2015-08-10,19.6889,20.0674,19.6428,20.0397,4954300
2015-08-11,19.8089,19.9197,19.4397,19.5413,5129932
2015-08-12,19.3566,19.3659,18.8859,19.089,6448984
2015-08-13,19.1351,19.2643,19.0336,19.2366,3464426
2015-08-14,19.2459,19.5505,19.1628,19.4859,6300777
2015-08-17,19.4028,19.6336,19.2413,19.5043,3951242
2015-08-18,19.4951,19.6428,19.412,19.532,4090845
2015-08-19,19.4397,19.569,19.2643,19.3751,7777014
2015-08-20,19.2366,19.2459,18.8628,18.8859,8326847
2015-08-21,18.6367,18.7751,18.2674,18.2813,12231581
2015-08-24,17.2705,17.8197,16.9105,17.2521,13677159
2015-08-25,17.7505,17.9444,16.809,16.8275,11572454
2015-08-26,17.3721,17.7597,17.2059,17.7136,15747788
2015-08-27,17.9167,18.4604,17.889,18.4059,14027655
2015-08-28,18.3413,18.4797,18.2582,18.4336,6959525
2015-08-31,18.2767,18.4613,18.2582,18.3874,5887239
2015-09-01,17.9259,18.046,17.5244,17.6213,11162727
2015-09-02,17.9351,17.9905,17.596,17.8521,4977072
2015-09-03,17.889,18.2213,17.7782,17.9997,5242424
2015-09-04,17.7782,17.8751,17.6121,17.7413,5228450
2015-09-08,18.1659,18.2951,17.769,18.2859,4472501
2015-09-09,18.5536,18.609,18.1197,18.1567,6713488
2015-09-10,18.0551,18.4244,17.7967,18.2582,5298176
2015-09-11,18.1013,18.2582,18.0736,18.249,4384078
2015-09-14,18.2213,18.4567,18.1751,18.3136,4637400
2015-09-15,18.3413,18.5397,18.2859,18.4982,6206269
2015-09-16,18.5536,18.5997,18.3044,18.5628,5747381
2015-09-17,18.5905,18.6183,17.8197,17.9074,10643818
2015-09-18,17.6859,17.8151,17.3351,17.4551,13332260
2015-09-21,17.4828,17.769,17.4828,17.7044,5577029
2015-09-22,17.3444,17.5474,17.2659,17.3998,7102191
2015-09-23,17.3536,17.553,17.2428,17.3536,6338961
2015-09-24,17.1136,17.4736,17.1136,17.3905,5933084
2015-09-25,17.6028,17.8336,17.4736,17.7782,8898698
2015-09-28,17.7039,17.7968,17.2671,17.2857,9156488
2015-09-29,17.2857,17.4436,17.1648,17.3321,7035307
2015-09-30,17.4436,17.6481,17.3693,17.5738,6223544
2015-10-01,17.518,17.6899,17.4065,17.6295,5287728
2015-10-02,17.0347,17.3693,16.8675,17.36,10032004
2015-10-05,17.5645,17.8042,17.3786,17.7782,7753043
2015-10-06,17.7317,17.8804,17.5459,17.6109,6690394
2015-10-07,17.7689,17.9641,17.5691,17.6946,9532096
2015-10-08,17.6667,17.8433,17.5598,17.7968,13571274
2015-10-09,17.7689,17.899,17.4808,17.6295,7179284
2015-10-12,17.5923,17.6946,17.4994,17.6481,3762719
2015-10-13,17.5831,17.676,17.4529,17.4901,5110668
2015-10-14,17.4529,17.6388,17.1463,17.2299,5888985
2015-10-15,17.0812,17.6946,17.0812,17.6946,8101094
2015-10-16,17.7782,17.8247,17.518,17.6574,6429120
2015-10-19,17.6016,17.8665,17.5645,17.676,9308399
2015-10-20,17.6202,17.7643,17.1788,17.4994,11798902
2015-10-21,17.5273,17.6481,16.9511,16.9883,15553595
2015-10-22,17.0905,17.5412,17.0905,17.3879,12881023
2015-10-23,17.5645,17.7596,17.4529,17.7596,6927747
2015-10-26,17.3228,17.7875,17.3228,17.6109,7882058
2015-10-27,17.518,17.6063,17.3507,17.4251,4496057
2015-10-28,17.4529,18.2801,17.4529,18.2708,11104932
2015-10-29,18.2522,18.373,18.0477,18.0942,5741519
2015-10-30,18.1035,18.1453,17.5923,17.7039,9979251
2015-11-02,17.8061,18.1778,17.7132,18.1685,7132433
2015-11-03,18.1221,18.3033,18.0477,18.1499,8949064
2015-11-04,18.1685,18.2986,18.0756,18.1035,6655015
2015-11-05,18.1778,18.5031,18.1528,18.4195,7309639
2015-11-06,18.8748,19.1629,18.8191,19.0421,9792049
2015-11-09,19.1629,19.1862,18.6936,18.9678,8782891
2015-11-10,18.9399,19.1815,18.7726,19.1722,9211842
2015-11-11,19.2744,19.293,18.8981,18.9678,6389460
2015-11-12,18.8005,18.8748,18.6053,18.6425,7164326
2015-11-13,18.5774,18.689,18.2196,18.2986,6662370
2015-11-16,18.1871,18.3823,18.0942,18.3823,7300384
2015-11-17,18.4473,18.7168,18.3544,18.438,6272532
2015-11-18,18.5589,18.9399,18.4009,18.9213,8176647
2015-11-19,18.8655,19.0468,18.8144,18.9771,5635171
2015-11-20,19.07,19.1025,18.8098,18.8284,6349123
2015-11-23,18.8377,19.1583,18.8005,18.9956,6100295
2015-11-24,18.9027,19.0746,18.7587,19.0607,7458799
2015-11-25,19.0514,19.1629,18.9352,19.0793,4384354
2015-11-27,19.1258,19.1908,18.9678,19.1815,2028682
2015-11-30,19.2559,19.3302,19.1258,19.2094,5937878
2015-12-01,19.3302,19.6183,19.228,19.5347,10760866
2015-12-02,19.5904,19.6415,19.2651,19.2837,8022919
2015-12-03,19.4324,19.5532,18.9678,19.0282,9365959
2015-12-04,19.07,19.609,18.9724,19.5718,8496903
2015-12-07,19.4789,19.5718,19.1815,19.3209,9049409
2015-12-08,19.07,19.228,18.5496,18.6146,12692274
2015-12-09,18.5681,18.8099,18.2708,18.3637,10147308
2015-12-10,18.373,18.8377,18.2893,18.6471,9002369
2015-12-11,18.3172,18.4845,18.1221,18.3172,9853339
2015-12-14,18.4009,18.5681,18.0578,18.4473,10899253
2015-12-15,18.6983,19.1908,18.5217,19.07,8460346
2015-12-16,19.2651,19.4696,18.8562,19.3581,12474434
2015-12-17,19.4231,19.4789,18.8377,18.8516,10045469
2015-12-18,18.7354,18.7726,18.2801,18.3405,23181388
2015-12-21,18.4659,18.5589,18.2057,18.4566,6792105
2015-12-22,18.6332,18.6797,18.2661,18.6425,5880454
2015-12-23,18.7819,19.0328,18.6518,19.0142,5376698
2015-12-24,18.9956,19.1629,18.9352,19.07,1600548
2015-12-28,18.9585,19.0282,18.6983,19.0049,4998551
2015-12-29,19.1639,19.2855,19.0798,19.1546,5496550
2015-12-30,19.0891,19.1546,18.9208,18.9395,5383701
2015-12-31,18.7992,19.0798,18.7618,18.7992,5378986
2016-01-04,18.2193,18.4064,18.0837,18.2848,11600458
2016-01-05,18.2941,18.4531,18.1375,18.3409,8993969
2016-01-06,17.9668,18.1538,17.8686,18.0697,8937539
2016-01-07,17.7049,17.8358,17.4711,17.4991,11183231
2016-01-08,17.5553,17.7236,17.1624,17.1952,9007275
2016-01-11,17.2653,17.415,16.8585,16.9941,10964652
2016-01-12,17.2185,17.2185,16.779,17.0876,8673506
2016-01-13,17.2279,17.256,16.2084,16.2084,18186202
2016-01-14,16.3581,16.6667,15.984,16.5077,15342108
2016-01-15,15.9372,16.1196,15.666,16.012,10111817
2016-01-19,16.2833,16.3113,15.6379,15.7876,9522086
2016-01-20,15.4415,15.6332,14.9178,15.4602,18492411
2016-01-21,15.6753,16.1326,14.7026,14.712,21771317
2016-01-22,15.0487,15.1329,14.6465,14.9084,20065362
2016-01-25,14.7588,14.8523,13.9357,14.0386,24445604
2016-01-26,14.1602,14.4033,14.076,14.2443,17255185
2016-01-27,14.1695,14.8429,14.1415,14.4221,11566837
2016-01-28,14.6652,14.9271,14.4408,14.5623,10970074
2016-01-29,14.6278,14.7868,14.4782,14.7775,11539609
2016-02-01,14.7494,14.7868,14.5343,14.7307,9965857
2016-02-02,14.4688,14.5904,14.2069,14.3379,8785132
2016-02-03,14.5436,14.5623,13.931,14.3659,10962707
2016-02-04,14.3192,14.7401,14.3192,14.5249,8712420
2016-02-05,14.553,14.712,14.2677,14.3379,10519746
2016-02-08,14.076,14.3379,13.5803,13.8422,10721922
2016-02-09,13.599,14.0386,13.5148,13.8702,8490441
2016-02-10,14.0105,14.1368,13.7112,13.7159,9804045
2016-02-11,13.2997,13.4774,12.9443,13.0378,13541322
2016-02-12,13.3371,13.9264,13.2904,13.9076,10604515
2016-02-16,13.9544,14.7588,13.9544,14.5717,13441793
2016-02-17,14.7307,14.8897,14.3285,14.4127,10156616
2016-02-18,14.4782,14.6465,14.0479,14.1695,7721555
2016-02-19,14.076,14.3238,13.9451,14.2911,6461461
2016-02-22,14.4688,14.6839,14.4044,14.6559,6385941
2016-02-23,14.5904,14.6278,14.0246,14.1228,8010902
2016-02-24,13.8889,14.1228,13.6177,14.076,7892468
2016-02-25,14.1695,14.3238,14.062,14.3098,7226933
2016-02-26,14.4688,14.885,14.3098,14.6652,7817084
2016-02-29,14.5904,14.6372,14.2163,14.2724,8223165
2016-03-01,14.394,15.1516,14.394,15.1142,9532711
2016-03-02,15.1422,15.4322,15.058,15.4228,8960869
2016-03-03,15.376,15.7689,15.3386,15.7689,6484036
2016-03-04,15.9653,16.1336,15.825,16.0214,7730683
2016-03-07,15.9653,16.012,15.7922,15.9372,6799920
2016-03-08,15.8063,15.8717,15.5162,15.5537,7644283
2016-03-09,15.6566,15.7502,15.4555,15.5257,4911668
2016-03-10,15.694,15.8437,15.4322,15.7689,7717366
2016-03-11,15.8437,16.2926,15.8437,16.2739,6548910
2016-03-14,16.1804,16.3674,15.998,16.171,6236182
2016-03-15,15.9746,16.1149,15.8998,16.0775,6779116
2016-03-16,16.0588,16.1944,15.6332,15.7502,10135481
2016-03-17,15.694,15.9092,15.4696,15.8811,8888084
2016-03-18,16.0027,16.3113,15.8998,16.2365,13947471
2016-03-21,16.2178,16.4329,16.1336,16.2459,6647242
2016-03-22,16.0869,16.3861,16.0307,16.2552,7035857
2016-03-23,16.1804,16.2459,16.0588,16.0962,4553829
2016-03-24,15.9279,16.0401,15.694,15.9933,6557205
2016-03-28,16.0494,16.1056,15.825,15.984,5177649
2016-03-29,15.8426,15.8426,15.5316,15.7389,8562717
2016-03-30,15.8992,16.1065,15.8049,15.8992,4858915
2016-03-31,15.8803,15.9596,15.6258,15.7295,6208188
2016-04-01,15.4468,15.852,15.3525,15.8332,7777177
2016-04-04,15.852,16.0311,15.673,15.7861,6608265
2016-04-05,15.5505,15.7154,15.4185,15.4939,6897492
2016-04-06,15.3148,15.6918,15.296,15.541,8863645
2016-04-07,15.3431,15.4185,15.0981,15.2017,12224120
2016-04-08,15.4468,15.6635,15.3243,15.362,6200236
2016-04-11,15.4845,15.7861,15.4185,15.4845,6383534
2016-04-12,15.541,15.7672,15.4929,15.6918,6716704
2016-04-13,15.852,16.4487,15.8426,16.4081,7539158
2016-04-14,16.4175,16.917,16.3515,16.7097,10393594
2016-04-15,16.7285,16.7945,16.5777,16.6531,7461217
2016-04-18,16.4929,16.8887,16.4185,16.6814,7814853
2016-04-19,16.7285,17.0819,16.7002,17.0678,9035290
2016-04-20,17.1243,17.3694,16.9547,17.3317,9730440
2016-04-21,17.7087,17.9631,17.3411,17.4636,12052616
2016-04-22,17.539,17.6427,17.4071,17.5484,9432548
2016-04-25,17.5296,17.5673,17.2233,17.4636,5224399
2016-04-26,17.5108,17.6898,17.3977,17.671,8505772
2016-04-27,17.5956,17.7935,17.3882,17.6521,7830709
2016-04-28,17.4919,17.6521,17.3128,17.4259,6425852
2016-04-29,17.36,17.4165,17.1149,17.2563,8684895
2016-05-02,17.294,17.4165,17.0631,17.3882,5782369
2016-05-03,17.1526,17.2657,16.7568,16.9924,5613190
2016-05-04,16.8793,16.917,16.3987,16.5306,6414715
2016-05-05,16.5589,16.6437,16.361,16.4835,6635968
2016-05-06,16.2761,16.4741,16.229,16.4741,5616125
2016-05-09,16.4835,16.5777,16.2573,16.3327,4718319
2016-05-10,16.4458,16.7851,16.3327,16.7097,4976198
2016-05-11,16.6154,16.9217,16.5777,16.6343,5339588
2016-05-12,16.7568,16.8982,16.4269,16.54,5061222
2016-05-13,16.5023,16.7097,16.0876,16.163,6219898
2016-05-16,16.2479,16.6248,16.0594,16.5871,9565683
2016-05-17,16.5495,16.7945,16.3515,16.4741,6629757
2016-05-18,16.4835,17.2657,16.4646,17.228,13521577
2016-05-19,17.0584,17.2987,16.8228,17.0961,8796085
2016-05-20,17.162,17.3929,17.0961,17.228,6981071
2016-05-23,17.1809,17.3223,16.9736,17.0866,6206553
2016-05-24,17.1997,17.5013,17.1526,17.3128,6833809
2016-05-25,17.36,17.7935,17.36,17.7369,6568956
2016-05-26,17.7464,17.8029,17.4354,17.5296,4193116
2016-05-27,17.6521,17.7746,17.5296,17.7652,4794495
2016-05-31,17.8406,17.9066,17.671,17.7841,8716100
2016-06-01,17.5484,17.9254,17.4071,17.9254,8709149
2016-06-02,17.8312,18.2082,17.7464,18.1893,8943287
2016-06-03,17.7746,17.7935,17.2846,17.7369,8141849
2016-06-06,17.8029,18.227,17.6427,18.0951,7680858
2016-06-07,17.9443,18.1233,17.8972,17.9066,6678221
2016-06-08,17.9254,18.0385,17.85,17.8877,4455204
2016-06-09,17.7369,17.7464,17.4825,17.6521,5591047
2016-06-10,17.3882,17.4778,17.2751,17.4636,5827146
2016-06-13,17.294,17.5861,17.2374,17.2657,6129092
2016-06-14,17.1526,17.3411,16.7474,16.8039,6019679
2016-06-15,16.8322,17.3552,16.7945,16.9924,8552414
2016-06-16,16.8416,16.8699,16.5683,16.8322,6961664
2016-06-17,16.8605,17.1903,16.7379,17.162,12170840
2016-06-20,17.5108,17.7935,17.3034,17.3411,10209102
2016-06-21,17.3882,17.4731,17.1526,17.3505,10842748
2016-06-22,17.3411,17.6851,17.3411,17.3788,5717480
2016-06-23,17.6427,18.0197,17.6427,18.0102,5494988
2016-06-24,16.8699,17.1243,16.4929,16.4929,11595183
2016-06-27,16.2102,16.2243,15.2112,15.3243,10151616
2016-06-28,15.6473,15.8468,15.4383,15.8088,12729447
2016-06-29,15.9228,16.2743,15.7518,16.2648,13175301
2016-06-30,16.4168,16.7113,16.2933,16.7113,15029944
2016-07-01,16.5688,16.7351,16.4358,16.5593,6242963
2016-07-05,16.1698,16.2647,15.7708,15.8658,6584758
2016-07-06,15.5808,16.051,15.4484,15.9323,7186374
2016-07-07,16.1603,16.2838,15.8753,16.1033,4655094
2016-07-08,16.4073,16.5831,16.3361,16.3883,7059841
2016-07-11,16.5403,16.6923,16.4453,16.5498,3693237
2016-07-12,16.8063,17.0058,16.7303,16.9963,6148457
2016-07-13,17.0153,17.0818,16.8063,17.0438,6763922
2016-07-14,17.4239,17.5854,17.3241,17.5189,6064348
2016-07-15,17.6614,17.6804,17.4571,17.6139,7696580
2016-07-18,17.5284,17.6234,17.4429,17.5094,3738297
2016-07-19,17.4619,17.6329,17.3479,17.4904,4172335
2016-07-20,17.5379,17.5569,17.3593,17.4714,3984891
2016-07-21,17.4239,17.5711,17.3004,17.3479,6772197
2016-07-22,17.4049,17.5236,17.2529,17.5094,3717378
2016-07-25,17.4619,17.5854,17.4334,17.4999,3740546
2016-07-26,17.4524,17.7374,17.3384,17.7279,5571417
2016-07-27,17.7089,17.9084,17.6148,17.7184,7773216
2016-07-28,17.7184,18.0604,17.5569,17.9749,9015966
2016-07-29,17.9844,18.1459,17.8371,18.0319,5967317
2016-08-01,18.0984,18.1079,17.7801,17.8419,6510826
2016-08-02,17.7564,17.8846,17.5379,17.6519,5365464
2016-08-03,17.6804,18.0604,17.6804,18.0129,6622879
2016-08-04,18.0509,18.1507,17.8704,17.9274,5511893
2016-08-05,18.1459,18.5924,17.9844,18.5924,8247415
2016-08-08,18.6399,18.7349,18.4119,18.4309,6385385
2016-08-09,18.4024,18.5544,18.3834,18.4309,3145821
2016-08-10,18.4309,18.5069,18.1174,18.1364,4050196
2016-08-11,18.1744,18.3074,18.1079,18.2789,4856504
2016-08-12,18.1649,18.2504,17.9939,18.1554,3081718
2016-08-15,18.2219,18.4974,18.0034,18.4784,3116386
2016-08-16,18.3549,18.5639,18.3549,18.4404,3959351
2016-08-17,18.4214,18.5687,18.3644,18.5449,5852040
2016-08-18,18.5259,18.6399,18.4974,18.6019,5185842
2016-08-19,18.6114,18.6589,18.4784,18.6114,4108914
2016-08-22,18.5924,18.6684,18.5069,18.6399,3499187
2016-08-23,18.6874,18.7349,18.5449,18.5449,4762365
2016-08-24,18.5734,18.6684,18.4404,18.4784,4853179
2016-08-25,18.4499,18.6589,18.3739,18.6114,5076355
2016-08-26,18.6874,18.8774,18.5734,18.7064,4751036
2016-08-29,18.7539,18.9344,18.716,18.8204,4416841
2016-08-30,18.8679,19.172,18.7824,19.153,6274041
2016-08-31,19.172,19.21,18.9059,19.153,5652675
2016-09-01,19.21,19.2575,18.7919,19.0389,4985822
2016-09-02,19.1054,19.133,18.9059,19.096,4294094
2016-09-06,19.1244,19.191,18.7159,18.8774,5004906
2016-09-07,18.8014,19.0579,18.7159,19.0199,4312462
2016-09-08,19.0769,19.1815,18.9534,19.1339,3965698
2016-09-09,19.096,19.2432,18.9297,18.9344,5934910
2016-09-12,18.8679,19.248,18.6684,19.2005,5739771
2016-09-13,19.2765,19.286,18.7729,19.21,13236106
2016-09-14,19.286,19.742,19.096,19.3525,13660374
2016-09-15,19.2575,19.6375,19.2385,19.514,7227506
2016-09-16,19.362,19.533,19.286,19.438,11059730
2016-09-19,19.5615,19.685,19.476,19.5995,6840226
2016-09-20,19.6755,19.7515,19.5425,19.609,7533405
2016-09-21,19.6755,19.8085,19.5129,19.704,7404512
2016-09-22,19.837,19.989,19.7135,19.761,8259580
2016-09-23,19.628,20.0555,19.628,19.875,5734081
2016-09-26,19.742,19.761,19.4095,19.438,7876182
2016-09-27,19.343,19.704,19.2765,19.685,7075932
2016-09-28,19.7519,19.7997,19.4268,19.6372,8417062
2016-09-29,19.5224,19.8762,19.2452,19.3504,8316443
2016-09-30,19.4555,19.7519,19.4077,19.5607,6055801
2016-10-03,19.446,19.7041,19.3838,19.4555,6026189
2016-10-04,19.3599,19.7997,19.3599,19.5703,9247985
2016-10-05,19.5416,19.9718,19.5416,19.8284,7166042
2016-10-06,19.8857,20.0196,19.6467,19.8284,5597445
2016-10-07,19.7423,19.9049,19.5798,19.7806,6015005
2016-10-10,19.8475,19.9527,19.7328,19.771,6503817
2016-10-11,19.3599,19.8475,19.3504,19.4938,7407111
2016-10-12,19.5416,19.6754,19.4487,19.4746,6378439
2016-10-13,19.2834,19.3408,18.7767,18.8723,12800135
2016-10-14,19.0922,19.2739,18.8102,18.9297,17027636
2016-10-17,18.9393,18.9679,18.7098,18.7194,8249134
2016-10-18,19.0827,19.0922,18.7194,18.9966,9141310
2016-10-19,19.0349,19.7806,19.0004,19.6181,17204890
2016-10-20,19.4173,20.2012,19.4085,20.0961,17496775
2016-10-21,19.9527,20.3112,19.9144,20.2777,6436276
2016-10-24,20.4594,20.5167,20.316,20.3733,5864933
2016-10-25,20.3255,20.5072,20.2586,20.3446,7439580
2016-10-26,20.2968,20.7366,20.1821,20.7175,6615698
2016-10-27,20.8609,21.0999,20.7557,20.8609,8360222
2016-10-28,20.9374,20.9565,20.5406,20.6601,5832413
2016-10-31,20.7844,20.9948,20.7079,20.8035,6959521
2016-11-01,20.9374,21.1128,20.4976,20.8896,6928286
2016-11-02,20.8227,20.8227,20.5406,20.6697,5955588
2016-11-03,20.7079,20.7988,20.402,20.4785,5409625
2016-11-04,20.4689,20.598,20.2538,20.2777,8043792
2016-11-07,20.7462,20.9995,20.7271,20.9374,6174300
2016-11-08,20.8514,20.88,20.5645,20.6984,7178314
2016-11-09,21.2433,22.1133,21.119,21.9412,14189621
2016-11-10,22.2281,22.8782,22.0751,22.6965,13716036
2016-11-11,22.6583,23.4279,22.5196,23.3944,10993569
2016-11-14,23.7195,24.4843,23.6812,24.1593,12131957
2016-11-15,24.0159,24.5512,23.5761,24.5417,9359063
2016-11-16,24.0828,24.2549,23.6765,23.8055,10863308
2016-11-17,23.9011,24.3314,23.7147,24.3122,6275744
2016-11-18,24.3122,24.6182,24.164,24.5512,5613626
2016-11-21,24.6182,24.752,24.4843,24.7138,6480572
2016-11-22,24.8572,25.034,24.6182,24.991,9325351
2016-11-23,25.1249,25.4547,24.9337,25.1344,10900605
2016-11-25,25.2205,25.2444,24.9337,24.991,3297388
2016-11-28,24.8667,25.0293,24.1593,24.2644,9961981
2016-11-29,24.3792,24.599,24.1927,24.274,6859196
2016-11-30,24.752,25.058,24.5321,24.8763,11881443
2016-12-01,25.0771,25.5264,24.9241,25.2778,7542319
2016-12-02,25.2396,25.2683,24.6897,24.752,8486962
2016-12-05,25.0771,25.1536,24.8142,24.9432,5712399
2016-12-06,25.1344,25.1822,24.7186,25.1631,6346449
2016-12-07,25.2109,25.4117,24.9384,25.383,8108337
2016-12-08,25.5742,25.9232,25.2492,25.7941,8131370
2016-12-09,25.7845,25.8132,25.4499,25.7081,6558592
2016-12-12,25.7176,25.7989,25.3065,25.3734,7185315
2016-12-13,25.5455,25.6985,25.1775,25.5838,6125445
2016-12-14,25.3543,26.1096,25.1918,25.7272,9315254
2016-12-15,25.8515,26.1192,25.6411,26.0044,7213253
2016-12-16,25.9088,26.2148,25.5647,25.622,10180077
2016-12-19,25.5455,26.0618,25.4786,26.0331,7136217
2016-12-20,26.1765,26.6498,26.0618,26.5685,5873079
2016-12-21,26.6067,26.6163,26.3869,26.4729,3270783
2016-12-22,26.5111,26.5589,26.2434,26.406,3482554
2016-12-23,26.4347,26.4729,26.2434,26.4633,2275533
2016-12-27,26.4729,26.5972,26.4155,26.5398,2416194
2016-12-28,26.5494,26.6167,26.1603,26.1939,2906561
2016-12-29,26.2323,26.2708,25.5597,25.6846,5521661
2016-12-30,25.7807,26.0209,25.5885,25.9152,4901569
2017-01-03,26.2612,26.4822,25.7711,25.9921,6369018
2017-01-04,26.0402,26.5206,25.9921,26.3476,4651827
2017-01-05,26.2131,26.2804,25.5117,25.5981,8035185
2017-01-06,25.7903,26.0113,25.5693,25.8191,6093898
2017-01-09,25.6846,25.8816,25.4828,25.7134,3818071
2017-01-10,25.7999,26.2467,25.6846,26.0113,5239502
2017-01-11,25.7807,26.0402,25.6366,26.0305,5900157
2017-01-12,25.9248,26.0017,25.5021,25.8576,4526279
2017-01-13,25.9537,26.6071,25.9441,26.2227,5095736
2017-01-17,25.9633,26.0402,24.6853,25.012,14325146
2017-01-18,25.1273,25.3099,24.8486,25.3003,9338897
2017-01-19,25.3771,25.5597,24.9495,24.9736,5618710
2017-01-20,25.1465,25.4012,25.0504,25.2618,5433660
2017-01-23,25.2618,25.5309,25.1273,25.4636,7614468
2017-01-24,25.6846,25.7134,24.6565,25.5597,12164961
2017-01-25,25.7519,25.9345,25.5789,25.8576,9686555
2017-01-26,25.9633,26.1843,25.8288,26.0498,5173801
2017-01-27,26.1362,26.164,25.627,25.7134,5038264
2017-01-30,25.5405,25.5597,24.9447,25.3003,6398303
2017-01-31,24.9928,25.3675,24.9928,25.0793,8928823
2017-02-01,25.3387,25.5597,25.0745,25.2138,6181538
2017-02-02,24.9543,25.0696,24.7526,24.9255,6590906
2017-02-03,25.4252,25.627,25.1225,25.4828,6312082
2017-02-06,25.3964,25.8095,25.3291,25.7134,6250956
2017-02-07,25.7903,25.8288,25.2714,25.454,4923643
2017-02-08,25.2042,25.2907,24.6757,24.8775,7384282
2017-02-09,24.9832,25.3003,24.8486,25.1273,7587291
2017-02-10,25.3483,25.6174,25.185,25.4732,4849787
2017-02-13,25.6366,25.8864,25.5789,25.6942,4321748
2017-02-14,25.6558,26.5014,25.5981,26.4726,6563790
2017-02-15,26.6936,26.6936,26.2179,26.4822,6620680
2017-02-16,26.4629,26.5879,26.3476,26.5206,6024698
2017-02-17,26.3092,26.4726,26.165,26.4629,3990251
2017-02-21,26.5782,26.732,26.3476,26.4918,4878192
2017-02-22,26.3476,26.511,26.2035,26.4245,5974243
2017-02-23,26.5206,26.5206,26.0786,26.3957,4619311
2017-02-24,26.1458,26.2708,25.9633,26.2515,5504089
2017-02-27,26.3092,26.6551,26.1747,26.4918,4637841
2017-02-28,26.4245,26.5398,26.2419,26.3669,6387803
2017-03-01,26.78,27.837,26.7416,27.6256,7880303
2017-03-02,27.6544,27.712,26.6455,26.6551,6533487
2017-03-03,26.5302,26.8953,26.4533,26.7512,5062543
2017-03-06,26.4629,26.6071,26.0882,26.4629,5069107
2017-03-07,26.4341,26.559,26.1939,26.2996,4488878
2017-03-08,26.7032,26.7608,26.2515,26.2996,5920528
2017-03-09,26.3861,26.6936,26.3188,26.4149,3881620
2017-03-10,26.5879,26.6839,25.5981,26.0978,8208622
2017-03-13,26.069,26.1651,25.848,25.9056,4222102
2017-03-14,25.6942,25.9152,25.3003,25.7038,4538277
2017-03-15,26.0209,26.0209,25.2618,25.4156,4710558
2017-03-16,25.5405,25.7519,25.3915,25.6077,5421830
2017-03-17,25.6174,25.7231,25.1946,25.3195,11694319
2017-03-20,25.3003,25.5213,25.1081,25.1609,6475443
2017-03-21,25.3387,25.3387,23.8109,23.9358,9966815
2017-03-22,23.8878,24.1568,23.3497,23.8685,7864793
2017-03-23,23.7917,24.3922,23.6956,24.0799,7080049
2017-03-24,24.1088,24.2048,23.7052,23.9166,5978004
2017-03-27,23.3304,23.8109,23.0758,23.7628,5981366
2017-03-28,23.5514,24.4739,23.5514,24.2529,5956017
2017-03-29,24.2916,24.422,24.0017,24.1949,6560997
2017-03-30,24.1756,25.0066,24.108,24.8616,5986054
2017-03-31,24.7167,24.8327,24.5331,24.5428,3606714
2017-04-03,24.6781,24.707,24.1492,24.4365,5680149
2017-04-04,24.2916,24.5959,24.2432,24.4945,4240081
2017-04-05,24.7553,24.8906,24.05,24.0596,4574172
2017-04-06,24.0886,24.5041,23.8567,24.3302,4004443
2017-04-07,24.1369,24.3882,24.0017,24.1659,5332115
2017-04-10,24.2529,24.3302,23.7939,23.963,5018441
2017-04-11,23.8277,23.9437,23.4229,23.8567,7388364
2017-04-12,23.8084,23.8567,23.3639,23.5089,6222977
2017-04-13,23.4219,23.6828,23.1031,23.1224,6770296
2017-04-17,23.1417,23.6731,22.9726,23.5765,5744861
2017-04-18,23.3929,23.5765,23.0258,23.1997,6213594
2017-04-19,23.4316,23.6635,23.2577,23.3929,5729030
2017-04-20,23.4896,24.2191,23.4896,24.108,7889080
2017-04-21,24.021,24.3302,23.6828,23.7891,6046220
2017-04-24,24.4945,24.7167,24.3012,24.4751,7715882
2017-04-25,24.5428,24.7264,24.0258,24.1659,8871412
2017-04-26,24.2046,24.4268,24.0693,24.1273,8644032
2017-04-27,24.1949,24.2046,23.5862,23.8181,7590905
2017-04-28,23.7891,24.0113,23.5958,23.6055,4879891
2017-05-01,23.7504,24.1273,23.5572,23.9534,7179863
2017-05-02,23.9727,24.0307,23.5041,23.6345,5123698
2017-05-03,23.5282,23.9534,23.4509,23.8857,6300972
2017-05-04,24.0983,24.3109,23.8664,24.0693,6371017
2017-05-05,24.1563,24.1949,23.8761,23.963,3307680
2017-05-08,23.934,24.1949,23.9147,24.0983,3051645
2017-05-09,24.1659,24.3109,23.8761,24.0017,4849326
2017-05-10,23.9244,24.079,23.7601,23.7988,6336143
2017-05-11,23.6731,23.8374,23.3736,23.6152,4592722
2017-05-12,23.3736,23.4799,22.9968,23.3446,6138977
2017-05-15,23.3736,23.8181,23.277,23.8084,5595766
2017-05-16,23.8084,24.108,23.7891,24.0596,5831916
2017-05-17,23.4026,23.6828,22.7745,22.9774,9406698
2017-05-18,22.9485,23.248,22.7455,23.0161,7426726
2017-05-19,23.0547,23.5862,22.963,23.3639,6230454
2017-05-22,23.4606,23.7408,23.3253,23.5669,5354733
2017-05-23,23.6635,23.9775,23.4123,23.9051,5388679
2017-05-24,23.8954,23.9244,23.4896,23.6538,6538644
2017-05-25,23.7118,24.021,23.5669,23.6442,4992022
2017-05-26,23.6248,23.7021,23.4171,23.4412,4653571
2017-05-30,23.3446,23.3833,22.9388,23.2383,4845362
2017-05-31,23.2577,23.2818,22.7745,22.9388,9368606
2017-06-01,22.504,23.2769,22.417,23.219,6326047
2017-06-02,23.0161,23.1127,22.7987,22.8422,8140905
2017-06-05,23.0161,23.2577,22.8905,22.9001,7081806
2017-06-06,22.6586,22.9533,22.446,22.8228,6931406
2017-06-07,22.9678,23.19,22.8422,23.0692,6188679
2017-06-08,23.0161,23.8954,22.9726,23.5089,6373665
2017-06-09,23.6248,24.2916,23.6248,24.2142,8017138
2017-06-12,24.2142,24.6974,24.0596,24.3399,6977200
2017-06-13,24.5138,24.707,24.3205,24.4751,5491506
2017-06-14,24.0403,24.7843,24.0113,24.7167,8390472
2017-06-15,24.4848,24.8037,24.3882,24.6201,4345823
2017-06-16,24.2529,24.7167,24.2336,24.6104,6288973
2017-06-19,24.7553,25.0356,24.6394,24.7264,3915793
2017-06-20,24.7167,24.823,24.3882,24.6974,5912232
2017-06-21,24.7457,24.8037,24.4558,24.5331,6682785
2017-06-22,24.4945,24.5138,24.0403,24.2916,6103030
2017-06-23,24.4655,24.5041,23.7504,23.8277,7618409
2017-06-26,23.8471,24.2094,23.7601,23.9824,3422789
2017-06-27,24.1563,24.4848,23.992,24.2432,5336598
2017-06-28,24.5153,24.8457,24.4716,24.7679,5735353
2017-06-29,25.4578,25.9339,25.1809,25.3315,10133629
2017-06-30,25.4967,25.6036,25.04,25.2246,5774587
2017-07-03,25.4481,25.9631,25.3995,25.7202,2930742
2017-07-05,25.7688,26.002,25.5696,25.8271,4982090
2017-07-06,25.7979,26.104,25.691,25.7105,5320934
2017-07-07,25.7979,25.8691,25.5599,25.7299,4073564
2017-07-10,25.6327,25.8271,25.4675,25.5939,4950931
2017-07-11,25.6036,25.7396,25.2732,25.4481,6362991
2017-07-12,25.2441,25.4967,25.176,25.3704,4854161
2017-07-13,25.4384,25.5453,25.3218,25.5453,4267335
2017-07-14,25.1955,25.4141,24.9137,25.3412,5390835
2017-07-17,25.2635,25.5404,25.1372,25.419,4487220
2017-07-18,25.0692,25.2343,24.8554,25.0886,5344245
2017-07-19,25.1663,25.2635,24.8603,25.0692,6272392
2017-07-20,25.108,25.2149,24.6999,24.7679,8663983
2017-07-21,24.8845,25.6424,24.7874,25.4384,9418838
2017-07-24,25.487,25.7202,25.3801,25.6813,5727420
2017-07-25,26.0991,26.308,25.7493,25.8368,10518931
2017-07-26,25.7299,25.9534,25.3315,25.4384,7257652
2017-07-27,25.487,25.6327,25.2538,25.3995,5499000
2017-07-28,25.3995,25.6813,25.245,25.6327,5554511
2017-07-31,25.7202,26.0311,25.6522,25.9437,4800412
2017-08-01,26.0603,26.1769,25.8465,26.1574,5271275
2017-08-02,26.1186,26.2449,26.0214,26.1963,4413662
2017-08-03,26.1089,26.2157,25.9922,26.138,5930269
2017-08-04,26.4004,26.8133,26.2643,26.4101,5558316
2017-08-07,26.4004,26.4392,26.1574,26.2643,3585282
2017-08-08,26.2352,27.0708,26.1574,26.6724,6752072
2017-08-09,26.3906,26.5267,26.206,26.3712,5881332
2017-08-10,26.0991,26.1866,25.5841,25.6327,5283268
2017-08-11,25.7882,25.9145,25.2441,25.3704,4345297
2017-08-14,25.6424,25.9922,25.623,25.9242,3428202
2017-08-15,26.0117,26.5753,26.0117,26.2546,5650884
2017-08-16,26.3615,26.4587,25.9437,26.07,7593516
2017-08-17,26.0408,26.1477,25.4675,25.5161,8052245
2017-08-18,25.4092,25.7882,25.3801,25.5841,8551131
2017-08-21,25.5841,25.6424,25.3898,25.4675,4230043
2017-08-22,25.5453,25.8659,25.5453,25.8659,5188296
2017-08-23,25.623,26.036,25.5258,25.8465,3592687
2017-08-24,25.9534,26.1477,25.9021,26.0894,3691132
2017-08-25,26.1574,26.2352,25.9048,25.9145,4254002
2017-08-28,25.9728,26.07,25.7202,25.8368,4845857
2017-08-29,25.5841,25.6813,25.3607,25.5161,4285010
2017-08-30,25.5356,25.7396,25.5064,25.555,3905272
2017-08-31,25.6327,25.7396,25.3509,25.3898,4751157
2017-09-01,25.4384,25.8514,25.3801,25.6619,3405057
2017-09-05,25.555,25.6424,25.0109,25.0594,5569853
2017-09-06,25.2343,25.3121,24.8991,25.04,4518361
2017-09-07,25.0206,25.0692,23.9566,24.2627,7888869
2017-09-08,24.3598,24.6125,24.1558,24.389,5534302
2017-09-11,24.6611,25.108,24.6416,24.972,4777139
2017-09-12,25.0692,25.555,25.0206,25.4384,3293342
2017-09-13,25.2829,25.6716,25.2635,25.5841,4493242
2017-09-14,25.6036,25.7396,25.3412,25.5647,4172122
2017-09-15,25.4384,25.7688,25.2441,25.7688,7980434
2017-09-18,25.8562,26.2206,25.7979,26.1089,5890213
2017-09-19,26.1283,26.4975,26.07,26.4101,4862454
2017-09-20,26.3518,26.7502,26.1769,26.6336,4363149
2017-09-21,26.5947,26.8959,26.5947,26.7599,3928159
2017-09-22,26.6238,26.7696,26.4295,26.5364,4658375
2017-09-25,26.517,26.6919,26.2157,26.3712,8878598
2017-09-26,26.4392,26.7016,26.3615,26.6141,3839341
2017-09-27,27.0417,27.1437,26.7404,26.8959,6295145
2017-09-28,26.9936,27.0523,26.7048,26.9643,5493883
2017-09-29,26.9545,27.4236,26.8632,27.3455,4977930
2017-10-02,27.1305,27.3455,26.9692,27.238,4009793
2017-10-03,27.3064,27.4041,27.0914,27.2771,3477881
2017-10-04,27.3064,27.3846,27.1549,27.1793,3461276
2017-10-05,27.1695,27.6582,27.0181,27.58,3279922
2017-10-06,27.6191,27.8048,27.3552,27.5507,3483241
2017-10-09,27.6484,27.6484,27.3846,27.4921,2248656
2017-10-10,27.5409,27.7853,27.4334,27.7755,2423574
2017-10-11,27.7853,27.7853,27.4823,27.6191,2833989
2017-10-12,27.7657,27.7657,27.3748,27.5116,6048885
2017-10-13,27.4139,27.6387,27.0914,27.4236,7080182
2017-10-16,27.3748,27.7266,27.3748,27.7266,4003125
2017-10-17,27.7364,27.7559,27.3064,27.3357,4497429
2017-10-18,27.5214,27.5409,27.2771,27.4334,3693636
2017-10-19,27.2184,27.6973,27.1402,27.6387,3545394
2017-10-20,27.9612,28.01,27.7853,27.9514,3917086
2017-10-23,27.9416,28.0003,27.7266,27.7853,4892537
2017-10-24,27.3552,28.0589,27.3552,27.9514,7767904
2017-10-25,28.2251,28.5573,27.7657,27.9319,6990167
2017-10-26,27.9905,28.3521,27.8488,28.1957,5313936
2017-10-27,28.1957,28.4303,28.1078,28.4107,4293277
2017-10-30,28.2251,28.5476,28.1566,28.3521,4996573
2017-10-31,28.2935,28.5183,28.186,28.2446,4594807
2017-11-01,28.4107,28.5671,28.2348,28.3032,3649760
2017-11-02,28.2739,28.7235,28.1078,28.5964,4086956
2017-11-03,28.4987,28.5964,28.3912,28.4596,3605249
2017-11-06,28.4303,28.6649,28.3326,28.5769,2985631
2017-11-07,28.5671,28.7039,27.7755,27.8048,4904942
2017-11-08,27.5214,27.8537,27.5116,27.6582,6401572
2017-11-09,27.453,27.7755,27.1598,27.3748,6229867
2017-11-10,27.4432,27.9123,27.0229,27.0425,6799447
2017-11-13,26.8959,27.6387,26.7615,27.5507,8057981
2017-11-14,27.4334,27.9709,27.3943,27.9612,5786926
2017-11-15,27.795,27.9612,27.5605,27.8146,5481894
2017-11-16,28.0198,28.2251,27.7071,27.8244,3942409
2017-11-17,27.5409,27.8928,27.4921,27.8048,3783161
2017-11-20,27.883,28.0296,27.7559,27.9221,4814315
2017-11-21,28.0589,28.0589,27.7706,27.8341,3424059
2017-11-22,27.8439,28.0247,27.7364,27.7755,2672856
2017-11-24,27.883,27.9025,27.5214,27.5605,2281089
2017-11-27,27.6093,27.7559,27.5116,27.7559,5402715
2017-11-28,27.8537,28.6062,27.7559,28.5769,6140830
2017-11-29,28.8408,29.8572,28.831,29.7692,6388356
2017-11-30,29.9745,30.4094,29.7497,29.8181,7991378
2017-12-01,29.906,30.2677,29.0753,29.994,7486681
2017-12-04,30.5022,31.1082,30.4631,30.6488,7291799
2017-12-05,30.6977,30.9225,30.0233,30.082,6429195
2017-12-06,30.0526,30.341,29.7594,29.8865,8257928
2017-12-07,29.7008,30.0331,29.349,29.7106,10673949
2017-12-08,29.9745,30.0331,29.2219,29.6813,10860189
2017-12-11,29.6324,29.9842,29.476,29.6129,6977989
2017-12-12,29.5738,30.0136,29.4664,29.7594,7110477
2017-12-13,29.7106,29.9549,29.2219,29.261,6761857
2017-12-14,29.3881,29.4174,28.919,28.9971,9139292
2017-12-15,29.1731,29.6422,28.9141,29.349,17129755
2017-12-18,29.6519,30.1162,29.476,29.779,10054915
2017-12-19,29.9842,30.1895,29.8083,29.9256,6286119
2017-12-20,30.2286,30.3653,29.7692,29.8181,5044997
2017-12-21,30.0526,30.3263,29.9549,30.2286,5550269
2017-12-22,30.4143,30.4143,29.9207,30.1406,2626878
2017-12-26,30.082,30.3263,29.8279,29.9842,1978306
2017-12-27,30.0624,30.1113,29.8572,29.9647,2369114
2017-12-28,30.0629,30.1612,29.8763,30.1022,3330586
2017-12-29,30.1415,30.2398,29.8075,29.8075,3351699
2018-01-02,30.6426,30.6426,29.6503,29.8959,8378789
2018-01-03,29.8665,30.1022,29.7584,29.9843,5975942
2018-01-04,30.1907,30.4633,30.0236,30.0924,7453308
2018-01-05,30.1808,30.2693,29.8959,30.171,6212813
2018-01-08,30.1317,30.2693,29.9205,30.1612,5896187
2018-01-09,30.2791,30.9766,30.2201,30.7015,4363964
2018-01-10,30.7703,31.3647,30.731,31.0257,3413516
2018-01-11,31.124,31.3401,30.9815,31.3008,4566188
2018-01-12,31.4384,31.7921,31.3107,31.7822,4346404
2018-01-16,31.8314,32.1114,31.5219,31.7135,6128903
2018-01-17,31.8805,31.9885,31.3843,31.9198,4410808
2018-01-18,31.9591,32.077,31.5071,31.6054,4325279
2018-01-19,31.5563,31.9787,31.5071,31.9296,5417348
2018-01-22,31.9296,32.298,31.7626,32.1949,7971228
2018-01-23,32.077,32.5878,31.4973,32.3422,7393588
2018-01-24,32.5878,32.8138,32.3357,32.745,5089713
2018-01-25,32.9219,32.9219,32.244,32.2636,4496228
2018-01-26,32.3619,32.8089,32.2636,32.7647,3574471
2018-01-29,32.7254,32.9994,32.5387,32.5878,3012163
2018-01-30,32.3914,32.7942,32.3029,32.4405,4518280
2018-01-31,32.4994,32.8826,32.411,32.5191,4431434
2018-02-01,32.5682,33.0791,32.4012,33.0692,4325502
2018-02-02,32.9121,33.3149,32.4159,32.5485,4954114
2018-02-05,32.1064,32.7156,30.9668,31.1436,7591402
2018-02-06,30.2398,31.5759,29.9942,31.458,8297651
2018-02-07,31.3794,32.2145,31.2714,31.7724,5545899
2018-02-08,31.7331,31.7822,30.5542,30.5542,7178228
2018-02-09,31.1043,31.5857,30.3479,31.4187,8425363
2018-02-12,31.6152,32.0966,31.3303,31.684,5447267
2018-02-13,31.5268,31.9198,31.3598,31.8215,3291870
2018-02-14,31.8019,32.7892,31.6545,32.6664,4637040
2018-02-15,32.8629,32.9415,32.5191,32.6173,3709580
2018-02-16,32.5289,32.8433,32.3521,32.5485,6874177
2018-02-20,32.4503,32.8531,32.4503,32.6271,3852039
2018-02-21,32.745,33.3345,32.578,32.8531,4510568
2018-02-22,33.0398,33.1184,32.1752,32.2931,6022328
2018-02-23,32.4012,32.8826,32.4012,32.8629,3004261
2018-02-26,33.1184,33.1773,32.7205,33.1675,3586382
2018-02-27,33.1478,33.4917,32.6664,32.6763,7025825
2018-02-28,32.8335,33.1577,32.4601,32.4699,6726406
2018-03-01,32.4405,32.7942,32.0278,32.2145,5035307
2018-03-02,31.9591,32.4306,31.5464,32.3324,4091256
2018-03-05,32.0278,32.9317,31.8068,32.7745,5013122
2018-03-06,32.971,33.1577,32.4601,33.0692,3123720
2018-03-07,32.5977,33.1822,32.5977,33.0889,3662009
2018-03-08,33.138,33.2461,32.5338,33.0791,3876568
2018-03-09,33.2559,33.6194,33.1085,33.6096,3854085
2018-03-12,33.5998,33.8061,33.3738,33.6587,4675955
2018-03-13,33.9043,33.9633,33.3345,33.4622,5183901
2018-03-14,33.3542,33.5408,32.9219,33.0299,4297159
2018-03-15,33.1282,33.197,32.7745,32.9808,3431449
2018-03-16,33.1282,33.4573,33.0005,33.1282,9072569
2018-03-19,33.1184,33.2166,32.7156,33.0299,4021546
2018-03-20,33.2166,33.3149,32.8924,32.9415,4694564
2018-03-21,32.9022,33.3787,32.6984,33.0299,4187638
2018-03-22,32.6271,32.745,31.7036,31.7331,6879608
2018-03-23,31.8707,31.9689,30.4559,30.4854,6910154
2018-03-26,31.0356,31.6201,30.7114,31.5563,4924573
2018-03-27,31.7626,31.8608,30.5198,30.79,4655972
2018-03-28,30.8788,31.3084,30.5036,31.1652,6960618
2018-03-29,31.3726,31.4713,30.9776,31.3528,5226853
2018-04-02,31.2738,31.3528,30.0691,30.5628,6416854
2018-04-03,30.6912,31.2936,30.6122,31.1652,3833651
2018-04-04,30.6221,31.9651,30.5233,31.8762,5066501
2018-04-05,32.0737,32.2119,31.7676,31.9256,4303300
2018-04-06,31.5799,31.6787,30.395,30.8492,5365100
2018-04-09,31.0269,31.7676,30.9874,31.0072,4276558
2018-04-10,31.4516,31.5602,31.1306,31.3824,3985512
2018-04-11,31.1356,31.3461,30.9578,31.0763,3420334
2018-04-12,31.3232,32.0539,31.2541,31.8564,4139047
2018-04-13,32.0934,32.1329,30.9084,31.0171,4879822
2018-04-16,31.2541,31.3133,30.8196,31.0961,4422829
2018-04-17,31.3034,31.3034,30.3061,30.553,5807139
2018-04-18,30.6122,30.8986,30.3406,30.395,4550534
2018-04-19,30.3752,31.0269,30.3752,30.9677,7234283
2018-04-20,31.0368,31.3232,30.8492,31.0269,4995781
2018-04-23,31.0862,31.5404,30.8591,31.5306,7073142
2018-04-24,32.5872,33.466,32.2909,32.8341,11385289
2018-04-25,32.7847,33.4759,32.5872,33.1204,8342693
2018-04-26,33.0316,33.6438,32.9229,33.1994,5806026
2018-04-27,33.2093,33.5747,33.1204,33.4068,6273994
2018-04-30,33.5549,33.7425,32.7551,32.7551,5116005
2018-05-01,32.7649,33.0809,32.4242,32.9427,5756211
2018-05-02,32.8044,32.8933,32.2811,32.3403,7599820
2018-05-03,32.2514,32.2712,31.4022,31.8762,6024864
2018-05-04,31.7182,32.3008,31.4713,32.2218,5375502
2018-05-07,32.2909,32.6069,31.9749,32.4094,4574671
2018-05-08,32.4884,33.0414,32.3206,32.6859,4764969
2018-05-09,32.7452,33.5006,32.7452,33.2488,3363782
2018-05-10,33.2192,33.7277,32.9822,33.5154,3997090
2018-05-11,33.5154,33.759,33.4167,33.5549,3717623
2018-05-14,33.6142,33.7722,33.5204,33.6043,3754971
2018-05-15,33.5747,34.2363,33.4759,33.8808,5855184
2018-05-16,33.7327,34.0388,33.6833,33.9203,5271493
2018-05-17,33.9302,34.0979,33.5796,33.8808,4980768
2018-05-18,33.8215,33.8413,33.1303,33.1402,5765370
2018-05-21,31.1454,31.2442,30.3653,30.5135,26880771
2018-05-22,30.7307,31.7577,30.6418,31.4911,16582826
2018-05-23,31.2639,31.4614,30.6813,30.8097,13001219
2018-05-24,30.7208,31.4121,30.5233,31.3627,12812371
2018-05-25,31.2343,31.3331,30.9084,30.9677,7708311
2018-05-29,30.6221,30.8048,29.7531,29.9111,10422498
2018-05-30,30.2271,30.3555,29.6247,30.2172,11183497
2018-05-31,30.1777,30.3801,30.0098,30.1975,7743887
2018-06-01,30.5036,30.7603,30.3061,30.3752,5772068
2018-06-04,30.4345,30.711,30.395,30.6122,4471345
2018-06-05,30.4641,30.632,30.3752,30.5826,4419504
2018-06-06,30.7505,31.3479,30.6421,31.2541,6731142
2018-06-07,31.3232,31.6096,31.0023,31.2244,6015677
2018-06-08,31.2442,31.4911,31.0566,31.4121,5407973
2018-06-11,31.4417,31.5602,30.9776,31.0269,6088584
2018-06-12,31.1158,31.2936,30.7011,30.8887,7592120
2018-06-13,30.9578,31.2541,30.6122,30.7603,5344982
2018-06-14,30.7801,30.8986,30.3061,30.4542,5950093
2018-06-15,30.395,30.395,29.9012,30.2863,10964486
2018-06-18,30.1283,30.4246,29.9407,30.2863,5124220
2018-06-19,29.9605,30.2814,29.8716,30.1876,5699427
2018-06-20,30.4246,30.5381,30.2468,30.3258,6541627
2018-06-21,30.2468,30.5085,29.8617,30.2468,5473978
2018-06-22,30.4641,30.474,29.6543,29.7235,6830424
2018-06-25,29.6938,29.7926,29.1705,29.684,7224878
2018-06-26,29.6938,29.7728,29.0125,29.2297,6847177
2018-06-27,29.2593,29.4075,28.5187,28.5681,7450649
2018-06-28,28.6575,28.8861,28.3694,28.5582,7828733
2018-06-29,28.8861,29.2587,28.5085,28.5184,8713618
2018-07-02,28.4489,28.9358,28.3992,28.896,5633724
2018-07-03,29.0053,29.055,28.6675,28.7271,3614685
2018-07-05,28.8662,29.0153,28.5929,28.6377,5621600
2018-07-06,28.6178,29.0252,28.3793,28.9556,3902707
2018-07-09,29.1146,29.8399,29.0649,29.7704,6437713
2018-07-10,29.8301,29.999,29.3134,29.5121,5475271
2018-07-11,29.373,29.7804,29.3134,29.3829,5644877
2018-07-12,29.532,29.5618,29.0053,29.2239,4794940
2018-07-13,29.0053,29.214,28.7072,28.9059,5121733
2018-07-16,28.9457,29.3879,28.9457,29.2736,3671950
2018-07-17,29.2537,29.4922,29.1842,29.3332,4684521
2018-07-18,29.9592,30.0884,29.2835,30.0487,10344574
2018-07-19,29.7307,29.7307,28.111,28.1309,13188840
2018-07-20,28.2799,28.6476,28.2054,28.3097,15014975
2018-07-23,28.3694,29.1643,28.3694,29.0053,9208294
2018-07-24,29.1146,29.4475,28.9507,29.1444,6449508
2018-07-25,29.0649,29.3332,28.9059,29.0848,7480309
2018-07-26,29.0351,29.681,28.9556,29.363,7941585
2018-07-27,29.4922,29.8003,29.2736,29.3233,8745576
2018-07-30,29.3928,29.835,29.2438,29.5618,6140911
2018-07-31,29.5618,29.7903,29.2835,29.4028,6344888
2018-08-01,29.6214,29.8499,29.373,29.5916,6684232
2018-08-02,29.4028,29.9692,29.2835,29.8201,6414713
2018-08-03,29.7506,29.8996,29.4227,29.522,5858061
2018-08-06,29.5022,29.5518,29.1742,29.373,4030955
2018-08-07,29.4624,29.7174,29.4127,29.4525,3977718
2018-08-08,29.7108,29.7406,29.3332,29.6611,2896273
2018-08-09,29.5618,29.6611,29.2885,29.3332,4031498
2018-08-10,28.9656,29.2339,28.8712,29.1544,4481167
2018-08-13,29.2239,29.373,28.9159,28.9457,3958553
2018-08-14,29.0153,29.4723,29.0153,29.4326,3519499
2018-08-15,29.0649,29.373,28.8513,28.9854,4651929
2018-08-16,29.2637,29.845,29.1842,29.6512,3927639
2018-08-17,29.5916,29.6711,29.3829,29.5022,4442581
2018-08-20,29.4922,29.7059,29.3829,29.6413,2699298
2018-08-21,29.6413,30.1182,29.522,29.8797,3734043
2018-08-22,29.7605,29.8003,29.5419,29.5618,3589223
2018-08-23,29.5816,29.6015,29.2537,29.2935,3758724
2018-08-24,29.3928,29.4723,29.209,29.2637,2552046
2018-08-27,29.4028,29.7406,29.3134,29.5518,3842332
2018-08-28,29.6313,29.7456,29.4574,29.522,3381941
2018-08-29,29.4624,29.5717,28.9507,29.3332,6874419
2018-08-30,29.1941,29.2835,29.0053,29.0947,7064255
2018-08-31,29.0451,29.2686,28.8546,29.2438,3879036
2018-09-04,29.5419,29.6611,29.2935,29.5518,4797247
2018-09-05,29.4127,29.7009,29.4127,29.4922,5054886
2018-09-06,29.5022,29.6512,29.3034,29.3134,4040021
2018-09-07,29.4127,29.4376,29.1146,29.3034,5257426
2018-09-10,29.4425,29.4525,29.0451,29.2339,3554023
2018-09-11,29.2339,29.4127,29.1146,29.204,3783310
2018-09-12,29.1345,29.1345,28.5631,28.6873,4588068
2018-09-13,28.8662,28.9159,28.5134,28.588,6152769
2018-09-14,29.1842,29.1842,28.6476,28.8364,4955492
2018-09-17,28.8563,28.9358,28.4787,28.5383,4408105
2018-09-18,28.5284,28.6973,28.4389,28.6675,5021644
2018-09-19,28.6675,29.4723,28.6277,29.3332,5458831
2018-09-20,29.4425,29.9344,29.4425,29.6015,5764785
2018-09-21,29.5916,29.6711,29.2537,29.3134,9683402
2018-09-24,29.2736,29.5507,28.6675,28.8265,4341902
2018-09-25,28.9457,29.0947,28.7817,28.7966,4307206
2018-09-26,28.9854,29.0053,28.2303,28.27,3855221
2018-09-27,28.3,28.39,27.9,27.94,3885265
2018-09-28,27.75,28.2287,27.4264,27.92,8712915
2018-10-01,28.1,28.17,27.67,27.8,5285721
2018-10-02,27.88,28.07,27.63,27.93,4370545
2018-10-03,28.1,28.65,27.9801,28.49,5017788
2018-10-04,28.52,29.0,28.34,28.5,8320798
2018-10-05,28.5,28.9,28.165,28.27,3861167
2018-10-08,28.35,28.7599,28.14,28.67,3331060
2018-10-09,28.51,28.61,28.23,28.46,5193477
2018-10-10,28.84,28.84,27.94,27.96,5579087
2018-10-11,27.85,28.02,27.11,27.23,7274783
2018-10-12,27.56,27.82,26.32,26.84,9709465
2018-10-15,26.77,27.135,26.66,26.71,4971941
2018-10-16,26.77,27.08,26.41,26.84,4365438
2018-10-17,26.74,27.46,26.53,27.03,4602147
2018-10-18,26.93,27.23,26.37,26.41,5397714
2018-10-19,26.41,26.79,26.11,26.33,6782339
2018-10-22,26.37,26.43,25.32,25.38,10074546
2018-10-23,24.68,26.2,24.1,26.0,10448969
2018-10-24,26.19,26.19,24.92,24.97,12070452
2018-10-25,25.09,26.035,25.08,25.87,10484272
2018-10-26,25.53,26.27,25.525,25.86,10063169
